ID,Name,Subname,Type1,Type2,HP,Attack,Defense,SpAtk,SpDef,Speed,Total,Gen
1,Bulbasaur,,Grass,Poison,45.0,49.0,49.0,65.0,65.0,45.0,318.0,1
2,Ivysaur,,Grass,Poison,60.0,62.0,63.0,80.0,80.0,60.0,405.0,1
3,Venusaur,,Grass,Poison,80.0,82.0,83.0,100.0,100.0,80.0,525.0,1
3,Venusaur,Mega Venusaur,Grass,Poison,80.0,100.0,123.0,122.0,120.0,80.0,625.0,1
4,Charmander,,Fire,,39.0,52.0,43.0,60.0,50.0,65.0,309.0,1
5,Charmeleon,,Fire,,58.0,64.0,58.0,80.0,65.0,80.0,405.0,1
6,Charizard,,Fire,Flying,78.0,84.0,78.0,109.0,85.0,100.0,534.0,1
6,Charizard,Mega Charizard X,Fire,Dragon,78.0,130.0,111.0,130.0,85.0,100.0,634.0,1
6,Charizard,Mega Charizard Y,Fire,Flying,78.0,104.0,78.0,159.0,115.0,100.0,634.0,1
7,Squirtle,,Water,,44.0,48.0,65.0,50.0,64.0,43.0,314.0,1
8,Wartortle,,Water,,59.0,63.0,80.0,65.0,80.0,58.0,405.0,1
9,Blastoise,,Water,,79.0,83.0,100.0,85.0,105.0,78.0,530.0,1
9,Blastoise,Mega Blastoise,Water,,79.0,103.0,120.0,135.0,115.0,78.0,630.0,1
10,Caterpie,,Bug,,45.0,30.0,35.0,20.0,20.0,45.0,195.0,1
11,Metapod,,Bug,,50.0,20.0,55.0,25.0,25.0,30.0,205.0,1
12,Butterfree,,Bug,Flying,60.0,45.0,50.0,90.0,80.0,70.0,395.0,1
13,Weedle,,Bug,Poison,40.0,35.0,30.0,20.0,20.0,50.0,195.0,1
14,Kakuna,,Bug,Poison,45.0,25.0,50.0,25.0,25.0,35.0,205.0,1
15,Beedrill,,Bug,Poison,65.0,90.0,40.0,45.0,80.0,75.0,395.0,1
15,Beedrill,Mega Beedrill,Bug,Poison,65.0,150.0,40.0,15.0,80.0,145.0,495.0,1
16,Pidgey,,Normal,Flying,40.0,45.0,40.0,35.0,35.0,56.0,251.0,1
17,Pidgeotto,,Normal,Flying,63.0,60.0,55.0,50.0,50.0,71.0,349.0,1
18,Pidgeot,,Normal,Flying,83.0,80.0,75.0,70.0,70.0,101.0,479.0,1
18,Pidgeot,Mega Pidgeot,Normal,Flying,83.0,80.0,80.0,135.0,80.0,121.0,579.0,1
19,Rattata,,Normal,,30.0,56.0,35.0,25.0,35.0,72.0,253.0,1
19,Rattata,Alolan Rattata,Dark,Normal,30.0,56.0,35.0,25.0,35.0,72.0,253.0,1
20,Raticate,,Normal,,55.0,81.0,60.0,50.0,70.0,97.0,413.0,1
20,Raticate,Alolan Raticate,Dark,Normal,75.0,71.0,70.0,40.0,80.0,77.0,413.0,1
21,Spearow,,Normal,Flying,40.0,60.0,30.0,31.0,31.0,70.0,262.0,1
22,Fearow,,Normal,Flying,65.0,90.0,65.0,61.0,61.0,100.0,442.0,1
23,Ekans,,Poison,,35.0,60.0,44.0,40.0,54.0,55.0,288.0,1
24,Arbok,,Poison,,60.0,95.0,69.0,65.0,79.0,80.0,448.0,1
25,Pikachu,,Electric,,35.0,55.0,40.0,50.0,50.0,90.0,320.0,1
25,Pikachu,Partner Pikachu,Electric,,45.0,80.0,50.0,75.0,60.0,120.0,430.0,1
26,Raichu,,Electric,,60.0,90.0,55.0,90.0,80.0,110.0,485.0,1
26,Raichu,Alolan Raichu,Electric,Psychic,60.0,85.0,50.0,95.0,85.0,110.0,485.0,1
27,Sandshrew,,Ground,,50.0,75.0,85.0,20.0,30.0,40.0,300.0,1
27,Sandshrew,Alolan Sandshrew,Ice,Steel,50.0,75.0,90.0,10.0,35.0,40.0,300.0,1
28,Sandslash,,Ground,,75.0,100.0,110.0,45.0,55.0,65.0,450.0,1
28,Sandslash,Alolan Sandslash,Ice,Steel,75.0,100.0,120.0,25.0,65.0,65.0,450.0,1
29,Nidoran♀,,Poison,,55.0,47.0,52.0,40.0,40.0,41.0,275.0,1
30,Nidorina,,Poison,,70.0,62.0,67.0,55.0,55.0,56.0,365.0,1
31,Nidoqueen,,Poison,Ground,90.0,92.0,87.0,75.0,85.0,76.0,505.0,1
32,Nidoran♂,,Poison,,46.0,57.0,40.0,40.0,40.0,50.0,273.0,1
33,Nidorino,,Poison,,61.0,72.0,57.0,55.0,55.0,65.0,365.0,1
34,Nidoking,,Poison,Ground,81.0,102.0,77.0,85.0,75.0,85.0,505.0,1
35,Clefairy,,Fairy,,70.0,45.0,48.0,60.0,65.0,35.0,323.0,1
36,Clefable,,Fairy,,95.0,70.0,73.0,95.0,90.0,60.0,483.0,1
37,Vulpix,,Fire,,38.0,41.0,40.0,50.0,65.0,65.0,299.0,1
37,Vulpix,Alolan Vulpix,Ice,,38.0,41.0,40.0,50.0,65.0,65.0,299.0,1
38,Ninetales,,Fire,,73.0,76.0,75.0,81.0,100.0,100.0,505.0,1
38,Ninetales,Alolan Ninetales,Ice,Fairy,73.0,67.0,75.0,81.0,100.0,109.0,505.0,1
39,Jigglypuff,,Normal,Fairy,115.0,45.0,20.0,45.0,25.0,20.0,270.0,1
40,Wigglytuff,,Normal,Fairy,140.0,70.0,45.0,85.0,50.0,45.0,435.0,1
41,Zubat,,Poison,Flying,40.0,45.0,35.0,30.0,40.0,55.0,245.0,1
42,Golbat,,Poison,Flying,75.0,80.0,70.0,65.0,75.0,90.0,455.0,1
43,Oddish,,Grass,Poison,45.0,50.0,55.0,75.0,65.0,30.0,320.0,1
44,Gloom,,Grass,Poison,60.0,65.0,70.0,85.0,75.0,40.0,395.0,1
45,Vileplume,,Grass,Poison,75.0,80.0,85.0,110.0,90.0,50.0,490.0,1
46,Paras,,Bug,Grass,35.0,70.0,55.0,45.0,55.0,25.0,285.0,1
47,Parasect,,Bug,Grass,60.0,95.0,80.0,60.0,80.0,30.0,405.0,1
48,Venonat,,Bug,Poison,60.0,55.0,50.0,40.0,55.0,45.0,305.0,1
49,Venomoth,,Bug,Poison,70.0,65.0,60.0,90.0,75.0,90.0,450.0,1
50,Diglett,,Ground,,10.0,55.0,25.0,35.0,45.0,95.0,265.0,1
50,Diglett,Alolan Diglett,Ground,Steel,10.0,55.0,30.0,35.0,45.0,90.0,265.0,1
51,Dugtrio,,Ground,,35.0,100.0,50.0,50.0,70.0,120.0,425.0,1
51,Dugtrio,Alolan Dugtrio,Ground,Steel,35.0,100.0,60.0,50.0,70.0,110.0,425.0,1
52,Meowth,,Normal,,40.0,45.0,35.0,40.0,40.0,90.0,290.0,1
52,Meowth,Alolan Meowth,Dark,,40.0,35.0,35.0,50.0,40.0,90.0,290.0,1
52,Meowth,Galarian Meowth,Steel,,50.0,65.0,55.0,40.0,40.0,40.0,290.0,1
53,Persian,,Normal,,65.0,70.0,60.0,65.0,65.0,115.0,440.0,1
53,Persian,Alolan Persian,Dark,,65.0,60.0,60.0,75.0,65.0,115.0,440.0,1
54,Psyduck,,Water,,50.0,52.0,48.0,65.0,50.0,55.0,320.0,1
55,Golduck,,Water,,80.0,82.0,78.0,95.0,80.0,85.0,500.0,1
56,Mankey,,Fighting,,40.0,80.0,35.0,35.0,45.0,70.0,305.0,1
57,Primeape,,Fighting,,65.0,105.0,60.0,60.0,70.0,95.0,455.0,1
58,Growlithe,,Fire,,55.0,70.0,45.0,70.0,50.0,60.0,350.0,1
59,Arcanine,,Fire,,90.0,110.0,80.0,100.0,80.0,95.0,555.0,1
60,Poliwag,,Water,,40.0,50.0,40.0,40.0,40.0,90.0,300.0,1
61,Poliwhirl,,Water,,65.0,65.0,65.0,50.0,50.0,90.0,385.0,1
62,Poliwrath,,Water,Fighting,90.0,95.0,95.0,70.0,90.0,70.0,510.0,1
63,Abra,,Psychic,,25.0,20.0,15.0,105.0,55.0,90.0,310.0,1
64,Kadabra,,Psychic,,40.0,35.0,30.0,120.0,70.0,105.0,400.0,1
65,Alakazam,,Psychic,,55.0,50.0,45.0,135.0,95.0,120.0,500.0,1
65,Alakazam,Mega Alakazam,Psychic,,55.0,50.0,65.0,175.0,105.0,150.0,600.0,1
66,Machop,,Fighting,,70.0,80.0,50.0,35.0,35.0,35.0,305.0,1
67,Machoke,,Fighting,,80.0,100.0,70.0,50.0,60.0,45.0,405.0,1
68,Machamp,,Fighting,,90.0,130.0,80.0,65.0,85.0,55.0,505.0,1
69,Bellsprout,,Grass,Poison,50.0,75.0,35.0,70.0,30.0,40.0,300.0,1
70,Weepinbell,,Grass,Poison,65.0,90.0,50.0,85.0,45.0,55.0,390.0,1
71,Victreebel,,Grass,Poison,80.0,105.0,65.0,100.0,70.0,70.0,490.0,1
72,Tentacool,,Water,Poison,40.0,40.0,35.0,50.0,100.0,70.0,335.0,1
73,Tentacruel,,Water,Poison,80.0,70.0,65.0,80.0,120.0,100.0,515.0,1
74,Geodude,,Rock,Ground,40.0,80.0,100.0,30.0,30.0,20.0,300.0,1
74,Geodude,Alolan Geodude,Rock,Electric,40.0,80.0,100.0,30.0,30.0,20.0,300.0,1
75,Graveler,,Rock,Ground,55.0,95.0,115.0,45.0,45.0,35.0,390.0,1
75,Graveler,Alolan Graveler,Rock,Electric,55.0,95.0,115.0,45.0,45.0,35.0,390.0,1
76,Golem,,Rock,Ground,80.0,120.0,130.0,55.0,65.0,45.0,495.0,1
76,Golem,Alolan Golem,Rock,Electric,80.0,120.0,130.0,55.0,65.0,45.0,495.0,1
77,Ponyta,,Fire,,50.0,85.0,55.0,65.0,65.0,90.0,410.0,1
77,Ponyta,Galarian Ponyta,Psychic,,50.0,85.0,55.0,65.0,65.0,90.0,410.0,1
78,Rapidash,,Fire,,65.0,100.0,70.0,80.0,80.0,105.0,500.0,1
78,Rapidash,Galarian Rapidash,Psychic,Fairy,65.0,100.0,70.0,80.0,80.0,105.0,500.0,1
79,Slowpoke,,Water,Psychic,90.0,65.0,65.0,40.0,40.0,15.0,315.0,1
79,Slowpoke,Galarian Slowpoke,Psychic,,90.0,65.0,65.0,40.0,40.0,15.0,315.0,1
80,Slowbro,,Water,Psychic,95.0,75.0,110.0,100.0,80.0,30.0,490.0,1
80,Slowbro,Mega Slowbro,Water,Psychic,95.0,75.0,180.0,130.0,80.0,30.0,590.0,1
80,Slowbro,Galarian Slowbro,Poison,Psychic,95.0,100.0,95.0,100.0,70.0,30.0,490.0,1
81,Magnemite,,Electric,Steel,25.0,35.0,70.0,95.0,55.0,45.0,325.0,1
82,Magneton,,Electric,Steel,50.0,60.0,95.0,120.0,70.0,70.0,465.0,1
83,Farfetch'd,,Normal,Flying,52.0,90.0,55.0,58.0,62.0,60.0,377.0,1
83,Farfetch'd,Galarian Farfetch'd,Fighting,,52.0,95.0,55.0,58.0,62.0,55.0,377.0,1
84,Doduo,,Normal,Flying,35.0,85.0,45.0,35.0,35.0,75.0,310.0,1
85,Dodrio,,Normal,Flying,60.0,110.0,70.0,60.0,60.0,110.0,470.0,1
86,Seel,,Water,,65.0,45.0,55.0,45.0,70.0,45.0,325.0,1
87,Dewgong,,Water,Ice,90.0,70.0,80.0,70.0,95.0,70.0,475.0,1
88,Grimer,,Poison,,80.0,80.0,50.0,40.0,50.0,25.0,325.0,1
88,Grimer,Alolan Grimer,Poison,Dark,80.0,80.0,50.0,40.0,50.0,25.0,325.0,1
89,Muk,,Poison,,105.0,105.0,75.0,65.0,100.0,50.0,500.0,1
89,Muk,Alolan Muk,Poison,Dark,105.0,105.0,75.0,65.0,100.0,50.0,500.0,1
90,Shellder,,Water,,30.0,65.0,100.0,45.0,25.0,40.0,305.0,1
91,Cloyster,,Water,Ice,50.0,95.0,180.0,85.0,45.0,70.0,525.0,1
92,Gastly,,Ghost,Poison,30.0,35.0,30.0,100.0,35.0,80.0,310.0,1
93,Haunter,,Ghost,Poison,45.0,50.0,45.0,115.0,55.0,95.0,405.0,1
94,Gengar,,Ghost,Poison,60.0,65.0,60.0,130.0,75.0,110.0,500.0,1
94,Gengar,Mega Gengar,Ghost,Poison,60.0,65.0,80.0,170.0,95.0,130.0,600.0,1
95,Onix,,Rock,Ground,35.0,45.0,160.0,30.0,45.0,70.0,385.0,1
96,Drowzee,,Psychic,,60.0,48.0,45.0,43.0,90.0,42.0,328.0,1
97,Hypno,,Psychic,,85.0,73.0,70.0,73.0,115.0,67.0,483.0,1
98,Krabby,,Water,,30.0,105.0,90.0,25.0,25.0,50.0,325.0,1
99,Kingler,,Water,,55.0,130.0,115.0,50.0,50.0,75.0,475.0,1
100,Voltorb,,Electric,,40.0,30.0,50.0,55.0,55.0,100.0,330.0,1
101,Electrode,,Electric,,60.0,50.0,70.0,80.0,80.0,150.0,490.0,1
102,Exeggcute,,Grass,Psychic,60.0,40.0,80.0,60.0,45.0,40.0,325.0,1
103,Exeggutor,,Grass,Psychic,95.0,95.0,85.0,125.0,75.0,55.0,530.0,1
103,Exeggutor,Alolan Exeggutor,Grass,Dragon,95.0,105.0,85.0,125.0,75.0,45.0,530.0,1
104,Cubone,,Ground,,50.0,50.0,95.0,40.0,50.0,35.0,320.0,1
105,Marowak,,Ground,,60.0,80.0,110.0,50.0,80.0,45.0,425.0,1
105,Marowak,Alolan Marowak,Fire,Ghost,60.0,80.0,110.0,50.0,80.0,45.0,425.0,1
106,Hitmonlee,,Fighting,,50.0,120.0,53.0,35.0,110.0,87.0,455.0,1
107,Hitmonchan,,Fighting,,50.0,105.0,79.0,35.0,110.0,76.0,455.0,1
108,Lickitung,,Normal,,90.0,55.0,75.0,60.0,75.0,30.0,385.0,1
109,Koffing,,Poison,,40.0,65.0,95.0,60.0,45.0,35.0,340.0,1
110,Weezing,,Poison,,65.0,90.0,120.0,85.0,70.0,60.0,490.0,1
110,Weezing,Galarian Weezing,Poison,Fairy,65.0,90.0,120.0,85.0,70.0,60.0,490.0,1
111,Rhyhorn,,Ground,Rock,80.0,85.0,95.0,30.0,30.0,25.0,345.0,1
112,Rhydon,,Ground,Rock,105.0,130.0,120.0,45.0,45.0,40.0,485.0,1
113,Chansey,,Normal,,250.0,5.0,5.0,35.0,105.0,50.0,450.0,1
114,Tangela,,Grass,,65.0,55.0,115.0,100.0,40.0,60.0,435.0,1
115,Kangaskhan,,Normal,,105.0,95.0,80.0,40.0,80.0,90.0,490.0,1
115,Kangaskhan,Mega Kangaskhan,Normal,,105.0,125.0,100.0,60.0,100.0,100.0,590.0,1
116,Horsea,,Water,,30.0,40.0,70.0,70.0,25.0,60.0,295.0,1
117,Seadra,,Water,,55.0,65.0,95.0,95.0,45.0,85.0,440.0,1
118,Goldeen,,Water,,45.0,67.0,60.0,35.0,50.0,63.0,320.0,1
119,Seaking,,Water,,80.0,92.0,65.0,65.0,80.0,68.0,450.0,1
120,Staryu,,Water,,30.0,45.0,55.0,70.0,55.0,85.0,340.0,1
121,Starmie,,Water,Psychic,60.0,75.0,85.0,100.0,85.0,115.0,520.0,1
122,Mr. Mime,,Psychic,Fairy,40.0,45.0,65.0,100.0,120.0,90.0,460.0,1
122,Mr. Mime,Galarian Mr. Mime,Ice,Psychic,50.0,65.0,65.0,90.0,90.0,100.0,460.0,1
123,Scyther,,Bug,Flying,70.0,110.0,80.0,55.0,80.0,105.0,500.0,1
124,Jynx,,Ice,Psychic,65.0,50.0,35.0,115.0,95.0,95.0,455.0,1
125,Electabuzz,,Electric,,65.0,83.0,57.0,95.0,85.0,105.0,490.0,1
126,Magmar,,Fire,,65.0,95.0,57.0,100.0,85.0,93.0,495.0,1
127,Pinsir,,Bug,,65.0,125.0,100.0,55.0,70.0,85.0,500.0,1
127,Pinsir,Mega Pinsir,Bug,Flying,65.0,155.0,120.0,65.0,90.0,105.0,600.0,1
128,Tauros,,Normal,,75.0,100.0,95.0,40.0,70.0,110.0,490.0,1
129,Magikarp,,Water,,20.0,10.0,55.0,15.0,20.0,80.0,200.0,1
130,Gyarados,,Water,Flying,95.0,125.0,79.0,60.0,100.0,81.0,540.0,1
130,Gyarados,Mega Gyarados,Water,Dark,95.0,155.0,109.0,70.0,130.0,81.0,640.0,1
131,Lapras,,Water,Ice,130.0,85.0,80.0,85.0,95.0,60.0,535.0,1
132,Ditto,,Normal,,48.0,48.0,48.0,48.0,48.0,48.0,288.0,1
133,Eevee,,Normal,,55.0,55.0,50.0,45.0,65.0,55.0,325.0,1
133,Eevee,Partner Eevee,Normal,,65.0,75.0,70.0,65.0,85.0,75.0,435.0,1
134,Vaporeon,,Water,,130.0,65.0,60.0,110.0,95.0,65.0,525.0,1
135,Jolteon,,Electric,,65.0,65.0,60.0,110.0,95.0,130.0,525.0,1
136,Flareon,,Fire,,65.0,130.0,60.0,95.0,110.0,65.0,525.0,1
137,Porygon,,Normal,,65.0,60.0,70.0,85.0,75.0,40.0,395.0,1
138,Omanyte,,Rock,Water,35.0,40.0,100.0,90.0,55.0,35.0,355.0,1
139,Omastar,,Rock,Water,70.0,60.0,125.0,115.0,70.0,55.0,495.0,1
140,Kabuto,,Rock,Water,30.0,80.0,90.0,55.0,45.0,55.0,355.0,1
141,Kabutops,,Rock,Water,60.0,115.0,105.0,65.0,70.0,80.0,495.0,1
142,Aerodactyl,,Rock,Flying,80.0,105.0,65.0,60.0,75.0,130.0,515.0,1
142,Aerodactyl,Mega Aerodactyl,Rock,Flying,80.0,135.0,85.0,70.0,95.0,150.0,615.0,1
143,Snorlax,,Normal,,160.0,110.0,65.0,65.0,110.0,30.0,540.0,1
144,Articuno,,Ice,Flying,90.0,85.0,100.0,95.0,125.0,85.0,580.0,1
144,Articuno,Galarian Articuno,Psychic,Flying,90.0,85.0,85.0,125.0,100.0,95.0,580.0,1
145,Zapdos,,Electric,Flying,90.0,90.0,85.0,125.0,90.0,100.0,580.0,1
145,Zapdos,Galarian Zapdos,Fighting,Flying,90.0,125.0,90.0,85.0,90.0,100.0,580.0,1
146,Moltres,,Fire,Flying,90.0,100.0,90.0,125.0,85.0,90.0,580.0,1
146,Moltres,Galarian Moltres,Dark,Flying,90.0,85.0,90.0,100.0,125.0,90.0,580.0,1
147,Dratini,,Dragon,,41.0,64.0,45.0,50.0,50.0,50.0,300.0,1
148,Dragonair,,Dragon,,61.0,84.0,65.0,70.0,70.0,70.0,420.0,1
149,Dragonite,,Dragon,Flying,91.0,134.0,95.0,100.0,100.0,80.0,600.0,1
150,Mewtwo,,Psychic,,106.0,110.0,90.0,154.0,90.0,130.0,680.0,1
150,Mewtwo,Mega Mewtwo X,Psychic,Fighting,106.0,190.0,100.0,154.0,100.0,130.0,780.0,1
150,Mewtwo,Mega Mewtwo Y,Psychic,,106.0,150.0,70.0,194.0,120.0,140.0,780.0,1
151,Mew,,Psychic,,100.0,100.0,100.0,100.0,100.0,100.0,600.0,1
152,Chikorita,,Grass,,45.0,49.0,65.0,49.0,65.0,45.0,318.0,2
153,Bayleef,,Grass,,60.0,62.0,80.0,63.0,80.0,60.0,405.0,2
154,Meganium,,Grass,,80.0,82.0,100.0,83.0,100.0,80.0,525.0,2
155,Cyndaquil,,Fire,,39.0,52.0,43.0,60.0,50.0,65.0,309.0,2
156,Quilava,,Fire,,58.0,64.0,58.0,80.0,65.0,80.0,405.0,2
157,Typhlosion,,Fire,,78.0,84.0,78.0,109.0,85.0,100.0,534.0,2
158,Totodile,,Water,,50.0,65.0,64.0,44.0,48.0,43.0,314.0,2
159,Croconaw,,Water,,65.0,80.0,80.0,59.0,63.0,58.0,405.0,2
160,Feraligatr,,Water,,85.0,105.0,100.0,79.0,83.0,78.0,530.0,2
161,Sentret,,Normal,,35.0,46.0,34.0,35.0,45.0,20.0,215.0,2
162,Furret,,Normal,,85.0,76.0,64.0,45.0,55.0,90.0,415.0,2
163,Hoothoot,,Normal,Flying,60.0,30.0,30.0,36.0,56.0,50.0,262.0,2
164,Noctowl,,Normal,Flying,100.0,50.0,50.0,86.0,96.0,70.0,452.0,2
165,Ledyba,,Bug,Flying,40.0,20.0,30.0,40.0,80.0,55.0,265.0,2
166,Ledian,,Bug,Flying,55.0,35.0,50.0,55.0,110.0,85.0,390.0,2
167,Spinarak,,Bug,Poison,40.0,60.0,40.0,40.0,40.0,30.0,250.0,2
168,Ariados,,Bug,Poison,70.0,90.0,70.0,60.0,70.0,40.0,400.0,2
169,Crobat,,Poison,Flying,85.0,90.0,80.0,70.0,80.0,130.0,535.0,2
170,Chinchou,,Water,Electric,75.0,38.0,38.0,56.0,56.0,67.0,330.0,2
171,Lanturn,,Water,Electric,125.0,58.0,58.0,76.0,76.0,67.0,460.0,2
172,Pichu,,Electric,,20.0,40.0,15.0,35.0,35.0,60.0,205.0,2
173,Cleffa,,Fairy,,50.0,25.0,28.0,45.0,55.0,15.0,218.0,2
174,Igglybuff,,Normal,Fairy,90.0,30.0,15.0,40.0,20.0,15.0,210.0,2
175,Togepi,,Fairy,,35.0,20.0,65.0,40.0,65.0,20.0,245.0,2
176,Togetic,,Fairy,Flying,55.0,40.0,85.0,80.0,105.0,40.0,405.0,2
177,Natu,,Psychic,Flying,40.0,50.0,45.0,70.0,45.0,70.0,320.0,2
178,Xatu,,Psychic,Flying,65.0,75.0,70.0,95.0,70.0,95.0,470.0,2
179,Mareep,,Electric,,55.0,40.0,40.0,65.0,45.0,35.0,280.0,2
180,Flaaffy,,Electric,,70.0,55.0,55.0,80.0,60.0,45.0,365.0,2
181,Ampharos,,Electric,,90.0,75.0,85.0,115.0,90.0,55.0,510.0,2
181,Ampharos,Mega Ampharos,Electric,Dragon,90.0,95.0,105.0,165.0,110.0,45.0,610.0,2
182,Bellossom,,Grass,,75.0,80.0,95.0,90.0,100.0,50.0,490.0,2
183,Marill,,Water,Fairy,70.0,20.0,50.0,20.0,50.0,40.0,250.0,2
184,Azumarill,,Water,Fairy,100.0,50.0,80.0,60.0,80.0,50.0,420.0,2
185,Sudowoodo,,Rock,,70.0,100.0,115.0,30.0,65.0,30.0,410.0,2
186,Politoed,,Water,,90.0,75.0,75.0,90.0,100.0,70.0,500.0,2
187,Hoppip,,Grass,Flying,35.0,35.0,40.0,35.0,55.0,50.0,250.0,2
188,Skiploom,,Grass,Flying,55.0,45.0,50.0,45.0,65.0,80.0,340.0,2
189,Jumpluff,,Grass,Flying,75.0,55.0,70.0,55.0,95.0,110.0,460.0,2
190,Aipom,,Normal,,55.0,70.0,55.0,40.0,55.0,85.0,360.0,2
191,Sunkern,,Grass,,30.0,30.0,30.0,30.0,30.0,30.0,180.0,2
192,Sunflora,,Grass,,75.0,75.0,55.0,105.0,85.0,30.0,425.0,2
193,Yanma,,Bug,Flying,65.0,65.0,45.0,75.0,45.0,95.0,390.0,2
194,Wooper,,Water,Ground,55.0,45.0,45.0,25.0,25.0,15.0,210.0,2
195,Quagsire,,Water,Ground,95.0,85.0,85.0,65.0,65.0,35.0,430.0,2
196,Espeon,,Psychic,,65.0,65.0,60.0,130.0,95.0,110.0,525.0,2
197,Umbreon,,Dark,,95.0,65.0,110.0,60.0,130.0,65.0,525.0,2
198,Murkrow,,Dark,Flying,60.0,85.0,42.0,85.0,42.0,91.0,405.0,2
199,Slowking,,Water,Psychic,95.0,75.0,80.0,100.0,110.0,30.0,490.0,2
199,Slowking,Galarian Slowking,Poison,Psychic,95.0,65.0,80.0,110.0,110.0,30.0,490.0,2
200,Misdreavus,,Ghost,,60.0,60.0,60.0,85.0,85.0,85.0,435.0,2
201,Unown,,Psychic,,48.0,72.0,48.0,72.0,48.0,48.0,336.0,2
202,Wobbuffet,,Psychic,,190.0,33.0,58.0,33.0,58.0,33.0,405.0,2
203,Girafarig,,Normal,Psychic,70.0,80.0,65.0,90.0,65.0,85.0,455.0,2
204,Pineco,,Bug,,50.0,65.0,90.0,35.0,35.0,15.0,290.0,2
205,Forretress,,Bug,Steel,75.0,90.0,140.0,60.0,60.0,40.0,465.0,2
206,Dunsparce,,Normal,,100.0,70.0,70.0,65.0,65.0,45.0,415.0,2
207,Gligar,,Ground,Flying,65.0,75.0,105.0,35.0,65.0,85.0,430.0,2
208,Steelix,,Steel,Ground,75.0,85.0,200.0,55.0,65.0,30.0,510.0,2
208,Steelix,Mega Steelix,Steel,Ground,75.0,125.0,230.0,55.0,95.0,30.0,610.0,2
209,Snubbull,,Fairy,,60.0,80.0,50.0,40.0,40.0,30.0,300.0,2
210,Granbull,,Fairy,,90.0,120.0,75.0,60.0,60.0,45.0,450.0,2
211,Qwilfish,,Water,Poison,65.0,95.0,85.0,55.0,55.0,85.0,440.0,2
212,Scizor,,Bug,Steel,70.0,130.0,100.0,55.0,80.0,65.0,500.0,2
212,Scizor,Mega Scizor,Bug,Steel,70.0,150.0,140.0,65.0,100.0,75.0,600.0,2
213,Shuckle,,Bug,Rock,20.0,10.0,230.0,10.0,230.0,5.0,505.0,2
214,Heracross,,Bug,Fighting,80.0,125.0,75.0,40.0,95.0,85.0,500.0,2
214,Heracross,Mega Heracross,Bug,Fighting,80.0,185.0,115.0,40.0,105.0,75.0,600.0,2
215,Sneasel,,Dark,Ice,55.0,95.0,55.0,35.0,75.0,115.0,430.0,2
216,Teddiursa,,Normal,,60.0,80.0,50.0,50.0,50.0,40.0,330.0,2
217,Ursaring,,Normal,,90.0,130.0,75.0,75.0,75.0,55.0,500.0,2
218,Slugma,,Fire,,40.0,40.0,40.0,70.0,40.0,20.0,250.0,2
219,Magcargo,,Fire,Rock,60.0,50.0,120.0,90.0,80.0,30.0,430.0,2
220,Swinub,,Ice,Ground,50.0,50.0,40.0,30.0,30.0,50.0,250.0,2
221,Piloswine,,Ice,Ground,100.0,100.0,80.0,60.0,60.0,50.0,450.0,2
222,Corsola,,Water,Rock,65.0,55.0,95.0,65.0,95.0,35.0,410.0,2
222,Corsola,Galarian Corsola,Ghost,,60.0,55.0,100.0,65.0,100.0,30.0,410.0,2
223,Remoraid,,Water,,35.0,65.0,35.0,65.0,35.0,65.0,300.0,2
224,Octillery,,Water,,75.0,105.0,75.0,105.0,75.0,45.0,480.0,2
225,Delibird,,Ice,Flying,45.0,55.0,45.0,65.0,45.0,75.0,330.0,2
226,Mantine,,Water,Flying,85.0,40.0,70.0,80.0,140.0,70.0,485.0,2
227,Skarmory,,Steel,Flying,65.0,80.0,140.0,40.0,70.0,70.0,465.0,2
228,Houndour,,Dark,Fire,45.0,60.0,30.0,80.0,50.0,65.0,330.0,2
229,Houndoom,,Dark,Fire,75.0,90.0,50.0,110.0,80.0,95.0,500.0,2
229,Houndoom,Mega Houndoom,Dark,Fire,75.0,90.0,90.0,140.0,90.0,115.0,600.0,2
230,Kingdra,,Water,Dragon,75.0,95.0,95.0,95.0,95.0,85.0,540.0,2
231,Phanpy,,Ground,,90.0,60.0,60.0,40.0,40.0,40.0,330.0,2
232,Donphan,,Ground,,90.0,120.0,120.0,60.0,60.0,50.0,500.0,2
233,Porygon2,,Normal,,85.0,80.0,90.0,105.0,95.0,60.0,515.0,2
234,Stantler,,Normal,,73.0,95.0,62.0,85.0,65.0,85.0,465.0,2
235,Smeargle,,Normal,,55.0,20.0,35.0,20.0,45.0,75.0,250.0,2
236,Tyrogue,,Fighting,,35.0,35.0,35.0,35.0,35.0,35.0,210.0,2
237,Hitmontop,,Fighting,,50.0,95.0,95.0,35.0,110.0,70.0,455.0,2
238,Smoochum,,Ice,Psychic,45.0,30.0,15.0,85.0,65.0,65.0,305.0,2
239,Elekid,,Electric,,45.0,63.0,37.0,65.0,55.0,95.0,360.0,2
240,Magby,,Fire,,45.0,75.0,37.0,70.0,55.0,83.0,365.0,2
241,Miltank,,Normal,,95.0,80.0,105.0,40.0,70.0,100.0,490.0,2
242,Blissey,,Normal,,255.0,10.0,10.0,75.0,135.0,55.0,540.0,2
243,Raikou,,Electric,,90.0,85.0,75.0,115.0,100.0,115.0,580.0,2
244,Entei,,Fire,,115.0,115.0,85.0,90.0,75.0,100.0,580.0,2
245,Suicune,,Water,,100.0,75.0,115.0,90.0,115.0,85.0,580.0,2
246,Larvitar,,Rock,Ground,50.0,64.0,50.0,45.0,50.0,41.0,300.0,2
247,Pupitar,,Rock,Ground,70.0,84.0,70.0,65.0,70.0,51.0,410.0,2
248,Tyranitar,,Rock,Dark,100.0,134.0,110.0,95.0,100.0,61.0,600.0,2
248,Tyranitar,Mega Tyranitar,Rock,Dark,100.0,164.0,150.0,95.0,120.0,71.0,700.0,2
249,Lugia,,Psychic,Flying,106.0,90.0,130.0,90.0,154.0,110.0,680.0,2
250,Ho-oh,,Fire,Flying,106.0,130.0,90.0,110.0,154.0,90.0,680.0,2
251,Celebi,,Psychic,Grass,100.0,100.0,100.0,100.0,100.0,100.0,600.0,2
252,Treecko,,Grass,,40.0,45.0,35.0,65.0,55.0,70.0,310.0,3
253,Grovyle,,Grass,,50.0,65.0,45.0,85.0,65.0,95.0,405.0,3
254,Sceptile,,Grass,,70.0,85.0,65.0,105.0,85.0,120.0,530.0,3
254,Sceptile,Mega Sceptile,Grass,Dragon,70.0,110.0,75.0,145.0,85.0,145.0,630.0,3
255,Torchic,,Fire,,45.0,60.0,40.0,70.0,50.0,45.0,310.0,3
256,Combusken,,Fire,Fighting,60.0,85.0,60.0,85.0,60.0,55.0,405.0,3
257,Blaziken,,Fire,Fighting,80.0,120.0,70.0,110.0,70.0,80.0,530.0,3
257,Blaziken,Mega Blaziken,Fire,Fighting,80.0,160.0,80.0,130.0,80.0,100.0,630.0,3
258,Mudkip,,Water,,50.0,70.0,50.0,50.0,50.0,40.0,310.0,3
259,Marshtomp,,Water,Ground,70.0,85.0,70.0,60.0,70.0,50.0,405.0,3
260,Swampert,,Water,Ground,100.0,110.0,90.0,85.0,90.0,60.0,535.0,3
260,Swampert,Mega Swampert,Water,Ground,100.0,150.0,110.0,95.0,110.0,70.0,635.0,3
261,Poochyena,,Dark,,35.0,55.0,35.0,30.0,30.0,35.0,220.0,3
262,Mightyena,,Dark,,70.0,90.0,70.0,60.0,60.0,70.0,420.0,3
263,Zigzagoon,,Normal,,38.0,30.0,41.0,30.0,41.0,60.0,240.0,3
263,Zigzagoon,Galarian Zigzagoon,Dark,Normal,38.0,30.0,41.0,30.0,41.0,60.0,240.0,3
264,Linoone,,Normal,,78.0,70.0,61.0,50.0,61.0,100.0,420.0,3
264,Linoone,Galarian Linoone,Dark,Normal,78.0,70.0,61.0,50.0,61.0,100.0,420.0,3
265,Wurmple,,Bug,,45.0,45.0,35.0,20.0,30.0,20.0,195.0,3
266,Silcoon,,Bug,,50.0,35.0,55.0,25.0,25.0,15.0,205.0,3
267,Beautifly,,Bug,Flying,60.0,70.0,50.0,100.0,50.0,65.0,395.0,3
268,Cascoon,,Bug,,50.0,35.0,55.0,25.0,25.0,15.0,205.0,3
269,Dustox,,Bug,Poison,60.0,50.0,70.0,50.0,90.0,65.0,385.0,3
270,Lotad,,Water,Grass,40.0,30.0,30.0,40.0,50.0,30.0,220.0,3
271,Lombre,,Water,Grass,60.0,50.0,50.0,60.0,70.0,50.0,340.0,3
272,Ludicolo,,Water,Grass,80.0,70.0,70.0,90.0,100.0,70.0,480.0,3
273,Seedot,,Grass,,40.0,40.0,50.0,30.0,30.0,30.0,220.0,3
274,Nuzleaf,,Grass,Dark,70.0,70.0,40.0,60.0,40.0,60.0,340.0,3
275,Shiftry,,Grass,Dark,90.0,100.0,60.0,90.0,60.0,80.0,480.0,3
276,Taillow,,Normal,Flying,40.0,55.0,30.0,30.0,30.0,85.0,270.0,3
277,Swellow,,Normal,Flying,60.0,85.0,60.0,75.0,50.0,125.0,455.0,3
278,Wingull,,Water,Flying,40.0,30.0,30.0,55.0,30.0,85.0,270.0,3
279,Pelipper,,Water,Flying,60.0,50.0,100.0,95.0,70.0,65.0,440.0,3
280,Ralts,,Psychic,Fairy,28.0,25.0,25.0,45.0,35.0,40.0,198.0,3
281,Kirlia,,Psychic,Fairy,38.0,35.0,35.0,65.0,55.0,50.0,278.0,3
282,Gardevoir,,Psychic,Fairy,68.0,65.0,65.0,125.0,115.0,80.0,518.0,3
282,Gardevoir,Mega Gardevoir,Psychic,Fairy,68.0,85.0,65.0,165.0,135.0,100.0,618.0,3
283,Surskit,,Bug,Water,40.0,30.0,32.0,50.0,52.0,65.0,269.0,3
284,Masquerain,,Bug,Flying,70.0,60.0,62.0,100.0,82.0,80.0,454.0,3
285,Shroomish,,Grass,,60.0,40.0,60.0,40.0,60.0,35.0,295.0,3
286,Breloom,,Grass,Fighting,60.0,130.0,80.0,60.0,60.0,70.0,460.0,3
287,Slakoth,,Normal,,60.0,60.0,60.0,35.0,35.0,30.0,280.0,3
288,Vigoroth,,Normal,,80.0,80.0,80.0,55.0,55.0,90.0,440.0,3
289,Slaking,,Normal,,150.0,160.0,100.0,95.0,65.0,100.0,670.0,3
290,Nincada,,Bug,Ground,31.0,45.0,90.0,30.0,30.0,40.0,266.0,3
291,Ninjask,,Bug,Flying,61.0,90.0,45.0,50.0,50.0,160.0,456.0,3
292,Shedinja,,Bug,Ghost,1.0,90.0,45.0,30.0,30.0,40.0,236.0,3
293,Whismur,,Normal,,64.0,51.0,23.0,51.0,23.0,28.0,240.0,3
294,Loudred,,Normal,,84.0,71.0,43.0,71.0,43.0,48.0,360.0,3
295,Exploud,,Normal,,104.0,91.0,63.0,91.0,73.0,68.0,490.0,3
296,Makuhita,,Fighting,,72.0,60.0,30.0,20.0,30.0,25.0,237.0,3
297,Hariyama,,Fighting,,144.0,120.0,60.0,40.0,60.0,50.0,474.0,3
298,Azurill,,Normal,Fairy,50.0,20.0,40.0,20.0,40.0,20.0,190.0,3
299,Nosepass,,Rock,,30.0,45.0,135.0,45.0,90.0,30.0,375.0,3
300,Skitty,,Normal,,50.0,45.0,45.0,35.0,35.0,50.0,260.0,3
301,Delcatty,,Normal,,70.0,65.0,65.0,55.0,55.0,90.0,400.0,3
302,Sableye,,Dark,Ghost,50.0,75.0,75.0,65.0,65.0,50.0,380.0,3
302,Sableye,Mega Sableye,Dark,Ghost,50.0,85.0,125.0,85.0,115.0,20.0,480.0,3
303,Mawile,,Steel,Fairy,50.0,85.0,85.0,55.0,55.0,50.0,380.0,3
303,Mawile,Mega Mawile,Steel,Fairy,50.0,105.0,125.0,55.0,95.0,50.0,480.0,3
304,Aron,,Steel,Rock,50.0,70.0,100.0,40.0,40.0,30.0,330.0,3
305,Lairon,,Steel,Rock,60.0,90.0,140.0,50.0,50.0,40.0,430.0,3
306,Aggron,,Steel,Rock,70.0,110.0,180.0,60.0,60.0,50.0,530.0,3
306,Aggron,Mega Aggron,Steel,,70.0,140.0,230.0,60.0,80.0,50.0,630.0,3
307,Meditite,,Fighting,Psychic,30.0,40.0,55.0,40.0,55.0,60.0,280.0,3
308,Medicham,,Fighting,Psychic,60.0,60.0,75.0,60.0,75.0,80.0,410.0,3
308,Medicham,Mega Medicham,Fighting,Psychic,60.0,100.0,85.0,80.0,85.0,100.0,510.0,3
309,Electrike,,Electric,,40.0,45.0,40.0,65.0,40.0,65.0,295.0,3
310,Manectric,,Electric,,70.0,75.0,60.0,105.0,60.0,105.0,475.0,3
310,Manectric,Mega Manectric,Electric,,70.0,75.0,80.0,135.0,80.0,135.0,575.0,3
311,Plusle,,Electric,,60.0,50.0,40.0,85.0,75.0,95.0,405.0,3
312,Minun,,Electric,,60.0,40.0,50.0,75.0,85.0,95.0,405.0,3
313,Volbeat,,Bug,,65.0,73.0,75.0,47.0,85.0,85.0,430.0,3
314,Illumise,,Bug,,65.0,47.0,75.0,73.0,85.0,85.0,430.0,3
315,Roselia,,Grass,Poison,50.0,60.0,45.0,100.0,80.0,65.0,400.0,3
316,Gulpin,,Poison,,70.0,43.0,53.0,43.0,53.0,40.0,302.0,3
317,Swalot,,Poison,,100.0,73.0,83.0,73.0,83.0,55.0,467.0,3
318,Carvanha,,Water,Dark,45.0,90.0,20.0,65.0,20.0,65.0,305.0,3
319,Sharpedo,,Water,Dark,70.0,120.0,40.0,95.0,40.0,95.0,460.0,3
319,Sharpedo,Mega Sharpedo,Water,Dark,70.0,140.0,70.0,110.0,65.0,105.0,560.0,3
320,Wailmer,,Water,,130.0,70.0,35.0,70.0,35.0,60.0,400.0,3
321,Wailord,,Water,,170.0,90.0,45.0,90.0,45.0,60.0,500.0,3
322,Numel,,Fire,Ground,60.0,60.0,40.0,65.0,45.0,35.0,305.0,3
323,Camerupt,,Fire,Ground,70.0,100.0,70.0,105.0,75.0,40.0,460.0,3
323,Camerupt,Mega Camerupt,Fire,Ground,70.0,120.0,100.0,145.0,105.0,20.0,560.0,3
324,Torkoal,,Fire,,70.0,85.0,140.0,85.0,70.0,20.0,470.0,3
325,Spoink,,Psychic,,60.0,25.0,35.0,70.0,80.0,60.0,330.0,3
326,Grumpig,,Psychic,,80.0,45.0,65.0,90.0,110.0,80.0,470.0,3
327,Spinda,,Normal,,60.0,60.0,60.0,60.0,60.0,60.0,360.0,3
328,Trapinch,,Ground,,45.0,100.0,45.0,45.0,45.0,10.0,290.0,3
329,Vibrava,,Ground,Dragon,50.0,70.0,50.0,50.0,50.0,70.0,340.0,3
330,Flygon,,Ground,Dragon,80.0,100.0,80.0,80.0,80.0,100.0,520.0,3
331,Cacnea,,Grass,,50.0,85.0,40.0,85.0,40.0,35.0,335.0,3
332,Cacturne,,Grass,Dark,70.0,115.0,60.0,115.0,60.0,55.0,475.0,3
333,Swablu,,Normal,Flying,45.0,40.0,60.0,40.0,75.0,50.0,310.0,3
334,Altaria,,Dragon,Flying,75.0,70.0,90.0,70.0,105.0,80.0,490.0,3
334,Altaria,Mega Altaria,Dragon,Fairy,75.0,110.0,110.0,110.0,105.0,80.0,590.0,3
335,Zangoose,,Normal,,73.0,115.0,60.0,60.0,60.0,90.0,458.0,3
336,Seviper,,Poison,,73.0,100.0,60.0,100.0,60.0,65.0,458.0,3
337,Lunatone,,Rock,Psychic,90.0,55.0,65.0,95.0,85.0,70.0,460.0,3
338,Solrock,,Rock,Psychic,90.0,95.0,85.0,55.0,65.0,70.0,460.0,3
339,Barboach,,Water,Ground,50.0,48.0,43.0,46.0,41.0,60.0,288.0,3
340,Whiscash,,Water,Ground,110.0,78.0,73.0,76.0,71.0,60.0,468.0,3
341,Corphish,,Water,,43.0,80.0,65.0,50.0,35.0,35.0,308.0,3
342,Crawdaunt,,Water,Dark,63.0,120.0,85.0,90.0,55.0,55.0,468.0,3
343,Baltoy,,Ground,Psychic,40.0,40.0,55.0,40.0,70.0,55.0,300.0,3
344,Claydol,,Ground,Psychic,60.0,70.0,105.0,70.0,120.0,75.0,500.0,3
345,Lileep,,Rock,Grass,66.0,41.0,77.0,61.0,87.0,23.0,355.0,3
346,Cradily,,Rock,Grass,86.0,81.0,97.0,81.0,107.0,43.0,495.0,3
347,Anorith,,Rock,Bug,45.0,95.0,50.0,40.0,50.0,75.0,355.0,3
348,Armaldo,,Rock,Bug,75.0,125.0,100.0,70.0,80.0,45.0,495.0,3
349,Feebas,,Water,,20.0,15.0,20.0,10.0,55.0,80.0,200.0,3
350,Milotic,,Water,,95.0,60.0,79.0,100.0,125.0,81.0,540.0,3
351,Castform,,Normal,,70.0,70.0,70.0,70.0,70.0,70.0,420.0,3
351,Castform,Sunny Form,Fire,,70.0,70.0,70.0,70.0,70.0,70.0,420.0,3
351,Castform,Rainy Form,Water,,70.0,70.0,70.0,70.0,70.0,70.0,420.0,3
351,Castform,Snowy Form,Ice,,70.0,70.0,70.0,70.0,70.0,70.0,420.0,3
352,Kecleon,,Normal,,60.0,90.0,70.0,60.0,120.0,40.0,440.0,3
353,Shuppet,,Ghost,,44.0,75.0,35.0,63.0,33.0,45.0,295.0,3
354,Banette,,Ghost,,64.0,115.0,65.0,83.0,63.0,65.0,455.0,3
354,Banette,Mega Banette,Ghost,,64.0,165.0,75.0,93.0,83.0,75.0,555.0,3
355,Duskull,,Ghost,,20.0,40.0,90.0,30.0,90.0,25.0,295.0,3
356,Dusclops,,Ghost,,40.0,70.0,130.0,60.0,130.0,25.0,455.0,3
357,Tropius,,Grass,Flying,99.0,68.0,83.0,72.0,87.0,51.0,460.0,3
358,Chimecho,,Psychic,,75.0,50.0,80.0,95.0,90.0,65.0,455.0,3
359,Absol,,Dark,,65.0,130.0,60.0,75.0,60.0,75.0,465.0,3
359,Absol,Mega Absol,Dark,,65.0,150.0,60.0,115.0,60.0,115.0,565.0,3
360,Wynaut,,Psychic,,95.0,23.0,48.0,23.0,48.0,23.0,260.0,3
361,Snorunt,,Ice,,50.0,50.0,50.0,50.0,50.0,50.0,300.0,3
362,Glalie,,Ice,,80.0,80.0,80.0,80.0,80.0,80.0,480.0,3
362,Glalie,Mega Glalie,Ice,,80.0,120.0,80.0,120.0,80.0,100.0,580.0,3
363,Spheal,,Ice,Water,70.0,40.0,50.0,55.0,50.0,25.0,290.0,3
364,Sealeo,,Ice,Water,90.0,60.0,70.0,75.0,70.0,45.0,410.0,3
365,Walrein,,Ice,Water,110.0,80.0,90.0,95.0,90.0,65.0,530.0,3
366,Clamperl,,Water,,35.0,64.0,85.0,74.0,55.0,32.0,345.0,3
367,Huntail,,Water,,55.0,104.0,105.0,94.0,75.0,52.0,485.0,3
368,Gorebyss,,Water,,55.0,84.0,105.0,114.0,75.0,52.0,485.0,3
369,Relicanth,,Water,Rock,100.0,90.0,130.0,45.0,65.0,55.0,485.0,3
370,Luvdisc,,Water,,43.0,30.0,55.0,40.0,65.0,97.0,330.0,3
371,Bagon,,Dragon,,45.0,75.0,60.0,40.0,30.0,50.0,300.0,3
372,Shelgon,,Dragon,,65.0,95.0,100.0,60.0,50.0,50.0,420.0,3
373,Salamence,,Dragon,Flying,95.0,135.0,80.0,110.0,80.0,100.0,600.0,3
373,Salamence,Mega Salamence,Dragon,Flying,95.0,145.0,130.0,120.0,90.0,120.0,700.0,3
374,Beldum,,Steel,Psychic,40.0,55.0,80.0,35.0,60.0,30.0,300.0,3
375,Metang,,Steel,Psychic,60.0,75.0,100.0,55.0,80.0,50.0,420.0,3
376,Metagross,,Steel,Psychic,80.0,135.0,130.0,95.0,90.0,70.0,600.0,3
376,Metagross,Mega Metagross,Steel,Psychic,80.0,145.0,150.0,105.0,110.0,110.0,700.0,3
377,Regirock,,Rock,,80.0,100.0,200.0,50.0,100.0,50.0,580.0,3
378,Regice,,Ice,,80.0,50.0,100.0,100.0,200.0,50.0,580.0,3
379,Registeel,,Steel,,80.0,75.0,150.0,75.0,150.0,50.0,580.0,3
380,Latias,,Dragon,Psychic,80.0,80.0,90.0,110.0,130.0,110.0,600.0,3
380,Latias,Mega Latias,Dragon,Psychic,80.0,100.0,120.0,140.0,150.0,110.0,700.0,3
381,Latios,,Dragon,Psychic,80.0,90.0,80.0,130.0,110.0,110.0,600.0,3
381,Latios,Mega Latios,Dragon,Psychic,80.0,130.0,100.0,160.0,120.0,110.0,700.0,3
382,Kyogre,,Water,,100.0,100.0,90.0,150.0,140.0,90.0,670.0,3
382,Kyogre,Primal Kyogre,Water,,100.0,150.0,90.0,180.0,160.0,90.0,770.0,3
383,Groudon,,Ground,,100.0,150.0,140.0,100.0,90.0,90.0,670.0,3
383,Groudon,Primal Groudon,Ground,Fire,100.0,180.0,160.0,150.0,90.0,90.0,770.0,3
384,Rayquaza,,Dragon,Flying,105.0,150.0,90.0,150.0,90.0,95.0,680.0,3
384,Rayquaza,Mega Rayquaza,Dragon,Flying,105.0,180.0,100.0,180.0,100.0,115.0,780.0,3
385,Jirachi,,Steel,Psychic,100.0,100.0,100.0,100.0,100.0,100.0,600.0,3
386,Deoxys,Normal Forme,Psychic,,50.0,150.0,50.0,150.0,50.0,150.0,600.0,3
386,Deoxys,Attack Forme,Psychic,,50.0,180.0,20.0,180.0,20.0,150.0,600.0,3
386,Deoxys,Defense Forme,Psychic,,50.0,70.0,160.0,70.0,160.0,90.0,600.0,3
386,Deoxys,Speed Forme,Psychic,,50.0,95.0,90.0,95.0,90.0,180.0,600.0,3
387,Turtwig,,Grass,,55.0,68.0,64.0,45.0,55.0,31.0,318.0,4
388,Grotle,,Grass,,75.0,89.0,85.0,55.0,65.0,36.0,405.0,4
389,Torterra,,Grass,Ground,95.0,109.0,105.0,75.0,85.0,56.0,525.0,4
390,Chimchar,,Fire,,44.0,58.0,44.0,58.0,44.0,61.0,309.0,4
391,Monferno,,Fire,Fighting,64.0,78.0,52.0,78.0,52.0,81.0,405.0,4
392,Infernape,,Fire,Fighting,76.0,104.0,71.0,104.0,71.0,108.0,534.0,4
393,Piplup,,Water,,53.0,51.0,53.0,61.0,56.0,40.0,314.0,4
394,Prinplup,,Water,,64.0,66.0,68.0,81.0,76.0,50.0,405.0,4
395,Empoleon,,Water,Steel,84.0,86.0,88.0,111.0,101.0,60.0,530.0,4
396,Starly,,Normal,Flying,40.0,55.0,30.0,30.0,30.0,60.0,245.0,4
397,Staravia,,Normal,Flying,55.0,75.0,50.0,40.0,40.0,80.0,340.0,4
398,Staraptor,,Normal,Flying,85.0,120.0,70.0,50.0,60.0,100.0,485.0,4
399,Bidoof,,Normal,,59.0,45.0,40.0,35.0,40.0,31.0,250.0,4
400,Bibarel,,Normal,Water,79.0,85.0,60.0,55.0,60.0,71.0,410.0,4
401,Kricketot,,Bug,,37.0,25.0,41.0,25.0,41.0,25.0,194.0,4
402,Kricketune,,Bug,,77.0,85.0,51.0,55.0,51.0,65.0,384.0,4
403,Shinx,,Electric,,45.0,65.0,34.0,40.0,34.0,45.0,263.0,4
404,Luxio,,Electric,,60.0,85.0,49.0,60.0,49.0,60.0,363.0,4
405,Luxray,,Electric,,80.0,120.0,79.0,95.0,79.0,70.0,523.0,4
406,Budew,,Grass,Poison,40.0,30.0,35.0,50.0,70.0,55.0,280.0,4
407,Roserade,,Grass,Poison,60.0,70.0,65.0,125.0,105.0,90.0,515.0,4
408,Cranidos,,Rock,,67.0,125.0,40.0,30.0,30.0,58.0,350.0,4
409,Rampardos,,Rock,,97.0,165.0,60.0,65.0,50.0,58.0,495.0,4
410,Shieldon,,Rock,Steel,30.0,42.0,118.0,42.0,88.0,30.0,350.0,4
411,Bastiodon,,Rock,Steel,60.0,52.0,168.0,47.0,138.0,30.0,495.0,4
412,Burmy,,Bug,,40.0,29.0,45.0,29.0,45.0,36.0,224.0,4
413,Wormadam,Plant Cloak,Bug,Grass,60.0,59.0,85.0,79.0,105.0,36.0,424.0,4
413,Wormadam,Sandy Cloak,Bug,Ground,60.0,79.0,105.0,59.0,85.0,36.0,424.0,4
413,Wormadam,Trash Cloak,Bug,Steel,60.0,69.0,95.0,69.0,95.0,36.0,424.0,4
414,Mothim,,Bug,Flying,70.0,94.0,50.0,94.0,50.0,66.0,424.0,4
415,Combee,,Bug,Flying,30.0,30.0,42.0,30.0,42.0,70.0,244.0,4
416,Vespiquen,,Bug,Flying,70.0,80.0,102.0,80.0,102.0,40.0,474.0,4
417,Pachirisu,,Electric,,60.0,45.0,70.0,45.0,90.0,95.0,405.0,4
418,Buizel,,Water,,55.0,65.0,35.0,60.0,30.0,85.0,330.0,4
419,Floatzel,,Water,,85.0,105.0,55.0,85.0,50.0,115.0,495.0,4
420,Cherubi,,Grass,,45.0,35.0,45.0,62.0,53.0,35.0,275.0,4
421,Cherrim,,Grass,,70.0,60.0,70.0,87.0,78.0,85.0,450.0,4
422,Shellos,,Water,,76.0,48.0,48.0,57.0,62.0,34.0,325.0,4
423,Gastrodon,,Water,Ground,111.0,83.0,68.0,92.0,82.0,39.0,475.0,4
424,Ambipom,,Normal,,75.0,100.0,66.0,60.0,66.0,115.0,482.0,4
425,Drifloon,,Ghost,Flying,90.0,50.0,34.0,60.0,44.0,70.0,348.0,4
426,Drifblim,,Ghost,Flying,150.0,80.0,44.0,90.0,54.0,80.0,498.0,4
427,Buneary,,Normal,,55.0,66.0,44.0,44.0,56.0,85.0,350.0,4
428,Lopunny,,Normal,,65.0,76.0,84.0,54.0,96.0,105.0,480.0,4
428,Lopunny,Mega Lopunny,Normal,Fighting,65.0,136.0,94.0,54.0,96.0,135.0,580.0,4
429,Mismagius,,Ghost,,60.0,60.0,60.0,105.0,105.0,105.0,495.0,4
430,Honchkrow,,Dark,Flying,100.0,125.0,52.0,105.0,52.0,71.0,505.0,4
431,Glameow,,Normal,,49.0,55.0,42.0,42.0,37.0,85.0,310.0,4
432,Purugly,,Normal,,71.0,82.0,64.0,64.0,59.0,112.0,452.0,4
433,Chingling,,Psychic,,45.0,30.0,50.0,65.0,50.0,45.0,285.0,4
434,Stunky,,Poison,Dark,63.0,63.0,47.0,41.0,41.0,74.0,329.0,4
435,Skuntank,,Poison,Dark,103.0,93.0,67.0,71.0,61.0,84.0,479.0,4
436,Bronzor,,Steel,Psychic,57.0,24.0,86.0,24.0,86.0,23.0,300.0,4
437,Bronzong,,Steel,Psychic,67.0,89.0,116.0,79.0,116.0,33.0,500.0,4
438,Bonsly,,Rock,,50.0,80.0,95.0,10.0,45.0,10.0,290.0,4
439,Mime Jr.,,Psychic,Fairy,20.0,25.0,45.0,70.0,90.0,60.0,310.0,4
440,Happiny,,Normal,,100.0,5.0,5.0,15.0,65.0,30.0,220.0,4
441,Chatot,,Normal,Flying,76.0,65.0,45.0,92.0,42.0,91.0,411.0,4
442,Spiritomb,,Ghost,Dark,50.0,92.0,108.0,92.0,108.0,35.0,485.0,4
443,Gible,,Dragon,Ground,58.0,70.0,45.0,40.0,45.0,42.0,300.0,4
444,Gabite,,Dragon,Ground,68.0,90.0,65.0,50.0,55.0,82.0,410.0,4
445,Garchomp,,Dragon,Ground,108.0,130.0,95.0,80.0,85.0,102.0,600.0,4
445,Garchomp,Mega Garchomp,Dragon,Ground,108.0,170.0,115.0,120.0,95.0,92.0,700.0,4
446,Munchlax,,Normal,,135.0,85.0,40.0,40.0,85.0,5.0,390.0,4
447,Riolu,,Fighting,,40.0,70.0,40.0,35.0,40.0,60.0,285.0,4
448,Lucario,,Fighting,Steel,70.0,110.0,70.0,115.0,70.0,90.0,525.0,4
448,Lucario,Mega Lucario,Fighting,Steel,70.0,145.0,88.0,140.0,70.0,112.0,625.0,4
449,Hippopotas,,Ground,,68.0,72.0,78.0,38.0,42.0,32.0,330.0,4
450,Hippowdon,,Ground,,108.0,112.0,118.0,68.0,72.0,47.0,525.0,4
451,Skorupi,,Poison,Bug,40.0,50.0,90.0,30.0,55.0,65.0,330.0,4
452,Drapion,,Poison,Dark,70.0,90.0,110.0,60.0,75.0,95.0,500.0,4
453,Croagunk,,Poison,Fighting,48.0,61.0,40.0,61.0,40.0,50.0,300.0,4
454,Toxicroak,,Poison,Fighting,83.0,106.0,65.0,86.0,65.0,85.0,490.0,4
455,Carnivine,,Grass,,74.0,100.0,72.0,90.0,72.0,46.0,454.0,4
456,Finneon,,Water,,49.0,49.0,56.0,49.0,61.0,66.0,330.0,4
457,Lumineon,,Water,,69.0,69.0,76.0,69.0,86.0,91.0,460.0,4
458,Mantyke,,Water,Flying,45.0,20.0,50.0,60.0,120.0,50.0,345.0,4
459,Snover,,Grass,Ice,60.0,62.0,50.0,62.0,60.0,40.0,334.0,4
460,Abomasnow,,Grass,Ice,90.0,92.0,75.0,92.0,85.0,60.0,494.0,4
460,Abomasnow,Mega Abomasnow,Grass,Ice,90.0,132.0,105.0,132.0,105.0,30.0,594.0,4
461,Weavile,,Dark,Ice,70.0,120.0,65.0,45.0,85.0,125.0,510.0,4
462,Magnezone,,Electric,Steel,70.0,70.0,115.0,130.0,90.0,60.0,535.0,4
463,Lickilicky,,Normal,,110.0,85.0,95.0,80.0,95.0,50.0,515.0,4
464,Rhyperior,,Ground,Rock,115.0,140.0,130.0,55.0,55.0,40.0,535.0,4
465,Tangrowth,,Grass,,100.0,100.0,125.0,110.0,50.0,50.0,535.0,4
466,Electivire,,Electric,,75.0,123.0,67.0,95.0,85.0,95.0,540.0,4
467,Magmortar,,Fire,,75.0,95.0,67.0,125.0,95.0,83.0,540.0,4
468,Togekiss,,Fairy,Flying,85.0,50.0,95.0,120.0,115.0,80.0,545.0,4
469,Yanmega,,Bug,Flying,86.0,76.0,86.0,116.0,56.0,95.0,515.0,4
470,Leafeon,,Grass,,65.0,110.0,130.0,60.0,65.0,95.0,525.0,4
471,Glaceon,,Ice,,65.0,60.0,110.0,130.0,95.0,65.0,525.0,4
472,Gliscor,,Ground,Flying,75.0,95.0,125.0,45.0,75.0,95.0,510.0,4
473,Mamoswine,,Ice,Ground,110.0,130.0,80.0,70.0,60.0,80.0,530.0,4
474,Porygon-Z,,Normal,,85.0,80.0,70.0,135.0,75.0,90.0,535.0,4
475,Gallade,,Psychic,Fighting,68.0,125.0,65.0,65.0,115.0,80.0,518.0,4
475,Gallade,Mega Gallade,Psychic,Fighting,68.0,165.0,95.0,65.0,115.0,110.0,618.0,4
476,Probopass,,Rock,Steel,60.0,55.0,145.0,75.0,150.0,40.0,525.0,4
477,Dusknoir,,Ghost,,45.0,100.0,135.0,65.0,135.0,45.0,525.0,4
478,Froslass,,Ice,Ghost,70.0,80.0,70.0,80.0,70.0,110.0,480.0,4
479,Rotom,,Electric,Ghost,50.0,50.0,77.0,95.0,77.0,91.0,440.0,4
479,Rotom,Heat Rotom,Electric,Fire,50.0,65.0,107.0,105.0,107.0,86.0,520.0,4
479,Rotom,Wash Rotom,Electric,Water,50.0,65.0,107.0,105.0,107.0,86.0,520.0,4
479,Rotom,Frost Rotom,Electric,Ice,50.0,65.0,107.0,105.0,107.0,86.0,520.0,4
479,Rotom,Fan Rotom,Electric,Flying,50.0,65.0,107.0,105.0,107.0,86.0,520.0,4
479,Rotom,Mow Rotom,Electric,Grass,50.0,65.0,107.0,105.0,107.0,86.0,520.0,4
480,Uxie,,Psychic,,75.0,75.0,130.0,75.0,130.0,95.0,580.0,4
481,Mesprit,,Psychic,,80.0,105.0,105.0,105.0,105.0,80.0,580.0,4
482,Azelf,,Psychic,,75.0,125.0,70.0,125.0,70.0,115.0,580.0,4
483,Dialga,,Steel,Dragon,100.0,120.0,120.0,150.0,100.0,90.0,680.0,4
484,Palkia,,Water,Dragon,90.0,120.0,100.0,150.0,120.0,100.0,680.0,4
485,Heatran,,Fire,Steel,91.0,90.0,106.0,130.0,106.0,77.0,600.0,4
486,Regigigas,,Normal,,110.0,160.0,110.0,80.0,110.0,100.0,670.0,4
487,Giratina,Altered Forme,Ghost,Dragon,150.0,100.0,120.0,100.0,120.0,90.0,680.0,4
487,Giratina,Origin Forme,Ghost,Dragon,150.0,120.0,100.0,120.0,100.0,90.0,680.0,4
488,Cresselia,,Psychic,,120.0,70.0,120.0,75.0,130.0,85.0,600.0,4
489,Phione,,Water,,80.0,80.0,80.0,80.0,80.0,80.0,480.0,4
490,Manaphy,,Water,,100.0,100.0,100.0,100.0,100.0,100.0,600.0,4
491,Darkrai,,Dark,,70.0,90.0,90.0,135.0,90.0,125.0,600.0,4
492,Shaymin,Land Forme,Grass,,100.0,100.0,100.0,100.0,100.0,100.0,600.0,4
492,Shaymin,Sky Forme,Grass,Flying,100.0,103.0,75.0,120.0,75.0,127.0,600.0,4
493,Arceus,,Normal,,120.0,120.0,120.0,120.0,120.0,120.0,720.0,4
494,Victini,,Psychic,Fire,100.0,100.0,100.0,100.0,100.0,100.0,600.0,5
495,Snivy,,Grass,,45.0,45.0,55.0,45.0,55.0,63.0,308.0,5
496,Servine,,Grass,,60.0,60.0,75.0,60.0,75.0,83.0,413.0,5
497,Serperior,,Grass,,75.0,75.0,95.0,75.0,95.0,113.0,528.0,5
498,Tepig,,Fire,,65.0,63.0,45.0,45.0,45.0,45.0,308.0,5
499,Pignite,,Fire,Fighting,90.0,93.0,55.0,70.0,55.0,55.0,418.0,5
500,Emboar,,Fire,Fighting,110.0,123.0,65.0,100.0,65.0,65.0,528.0,5
501,Oshawott,,Water,,55.0,55.0,45.0,63.0,45.0,45.0,308.0,5
502,Dewott,,Water,,75.0,75.0,60.0,83.0,60.0,60.0,413.0,5
503,Samurott,,Water,,95.0,100.0,85.0,108.0,70.0,70.0,528.0,5
504,Patrat,,Normal,,45.0,55.0,39.0,35.0,39.0,42.0,255.0,5
505,Watchog,,Normal,,60.0,85.0,69.0,60.0,69.0,77.0,420.0,5
506,Lillipup,,Normal,,45.0,60.0,45.0,25.0,45.0,55.0,275.0,5
507,Herdier,,Normal,,65.0,80.0,65.0,35.0,65.0,60.0,370.0,5
508,Stoutland,,Normal,,85.0,110.0,90.0,45.0,90.0,80.0,500.0,5
509,Purrloin,,Dark,,41.0,50.0,37.0,50.0,37.0,66.0,281.0,5
510,Liepard,,Dark,,64.0,88.0,50.0,88.0,50.0,106.0,446.0,5
511,Pansage,,Grass,,50.0,53.0,48.0,53.0,48.0,64.0,316.0,5
512,Simisage,,Grass,,75.0,98.0,63.0,98.0,63.0,101.0,498.0,5
513,Pansear,,Fire,,50.0,53.0,48.0,53.0,48.0,64.0,316.0,5
514,Simisear,,Fire,,75.0,98.0,63.0,98.0,63.0,101.0,498.0,5
515,Panpour,,Water,,50.0,53.0,48.0,53.0,48.0,64.0,316.0,5
516,Simipour,,Water,,75.0,98.0,63.0,98.0,63.0,101.0,498.0,5
517,Munna,,Psychic,,76.0,25.0,45.0,67.0,55.0,24.0,292.0,5
518,Musharna,,Psychic,,116.0,55.0,85.0,107.0,95.0,29.0,487.0,5
519,Pidove,,Normal,Flying,50.0,55.0,50.0,36.0,30.0,43.0,264.0,5
520,Tranquill,,Normal,Flying,62.0,77.0,62.0,50.0,42.0,65.0,358.0,5
521,Unfezant,,Normal,Flying,80.0,115.0,80.0,65.0,55.0,93.0,488.0,5
522,Blitzle,,Electric,,45.0,60.0,32.0,50.0,32.0,76.0,295.0,5
523,Zebstrika,,Electric,,75.0,100.0,63.0,80.0,63.0,116.0,497.0,5
524,Roggenrola,,Rock,,55.0,75.0,85.0,25.0,25.0,15.0,280.0,5
525,Boldore,,Rock,,70.0,105.0,105.0,50.0,40.0,20.0,390.0,5
526,Gigalith,,Rock,,85.0,135.0,130.0,60.0,80.0,25.0,515.0,5
527,Woobat,,Psychic,Flying,65.0,45.0,43.0,55.0,43.0,72.0,323.0,5
528,Swoobat,,Psychic,Flying,67.0,57.0,55.0,77.0,55.0,114.0,425.0,5
529,Drilbur,,Ground,,60.0,85.0,40.0,30.0,45.0,68.0,328.0,5
530,Excadrill,,Ground,Steel,110.0,135.0,60.0,50.0,65.0,88.0,508.0,5
531,Audino,,Normal,,103.0,60.0,86.0,60.0,86.0,50.0,445.0,5
531,Audino,Mega Audino,Normal,Fairy,103.0,60.0,126.0,80.0,126.0,50.0,545.0,5
532,Timburr,,Fighting,,75.0,80.0,55.0,25.0,35.0,35.0,305.0,5
533,Gurdurr,,Fighting,,85.0,105.0,85.0,40.0,50.0,40.0,405.0,5
534,Conkeldurr,,Fighting,,105.0,140.0,95.0,55.0,65.0,45.0,505.0,5
535,Tympole,,Water,,50.0,50.0,40.0,50.0,40.0,64.0,294.0,5
536,Palpitoad,,Water,Ground,75.0,65.0,55.0,65.0,55.0,69.0,384.0,5
537,Seismitoad,,Water,Ground,105.0,95.0,75.0,85.0,75.0,74.0,509.0,5
538,Throh,,Fighting,,120.0,100.0,85.0,30.0,85.0,45.0,465.0,5
539,Sawk,,Fighting,,75.0,125.0,75.0,30.0,75.0,85.0,465.0,5
540,Sewaddle,,Bug,Grass,45.0,53.0,70.0,40.0,60.0,42.0,310.0,5
541,Swadloon,,Bug,Grass,55.0,63.0,90.0,50.0,80.0,42.0,380.0,5
542,Leavanny,,Bug,Grass,75.0,103.0,80.0,70.0,80.0,92.0,500.0,5
543,Venipede,,Bug,Poison,30.0,45.0,59.0,30.0,39.0,57.0,260.0,5
544,Whirlipede,,Bug,Poison,40.0,55.0,99.0,40.0,79.0,47.0,360.0,5
545,Scolipede,,Bug,Poison,60.0,100.0,89.0,55.0,69.0,112.0,485.0,5
546,Cottonee,,Grass,Fairy,40.0,27.0,60.0,37.0,50.0,66.0,280.0,5
547,Whimsicott,,Grass,Fairy,60.0,67.0,85.0,77.0,75.0,116.0,480.0,5
548,Petilil,,Grass,,45.0,35.0,50.0,70.0,50.0,30.0,280.0,5
549,Lilligant,,Grass,,70.0,60.0,75.0,110.0,75.0,90.0,480.0,5
550,Basculin,Red-Striped Form,Water,,70.0,92.0,65.0,80.0,55.0,98.0,460.0,5
550,Basculin,Blue-Striped Form,Water,,70.0,92.0,65.0,80.0,55.0,98.0,460.0,5
551,Sandile,,Ground,Dark,50.0,72.0,35.0,35.0,35.0,65.0,292.0,5
552,Krokorok,,Ground,Dark,60.0,82.0,45.0,45.0,45.0,74.0,351.0,5
553,Krookodile,,Ground,Dark,95.0,117.0,80.0,65.0,70.0,92.0,519.0,5
554,Darumaka,,Fire,,70.0,90.0,45.0,15.0,45.0,50.0,315.0,5
554,Darumaka,Galarian Darumaka,Ice,,70.0,90.0,45.0,15.0,45.0,50.0,315.0,5
555,Darmanitan,Standard Mode,Fire,,105.0,140.0,55.0,30.0,55.0,95.0,480.0,5
555,Darmanitan,Zen Mode,Fire,Psychic,105.0,30.0,105.0,140.0,105.0,55.0,540.0,5
555,Darmanitan,Galarian Standard Mode,Ice,,105.0,140.0,55.0,30.0,55.0,95.0,480.0,5
555,Darmanitan,Galarian Zen Mode,Ice,Fire,105.0,160.0,55.0,30.0,55.0,135.0,540.0,5
556,Maractus,,Grass,,75.0,86.0,67.0,106.0,67.0,60.0,461.0,5
557,Dwebble,,Bug,Rock,50.0,65.0,85.0,35.0,35.0,55.0,325.0,5
558,Crustle,,Bug,Rock,70.0,105.0,125.0,65.0,75.0,45.0,485.0,5
559,Scraggy,,Dark,Fighting,50.0,75.0,70.0,35.0,70.0,48.0,348.0,5
560,Scrafty,,Dark,Fighting,65.0,90.0,115.0,45.0,115.0,58.0,488.0,5
561,Sigilyph,,Psychic,Flying,72.0,58.0,80.0,103.0,80.0,97.0,490.0,5
562,Yamask,,Ghost,,38.0,30.0,85.0,55.0,65.0,30.0,303.0,5
562,Yamask,Galarian Yamask,Ground,Ghost,38.0,55.0,85.0,30.0,65.0,30.0,303.0,5
563,Cofagrigus,,Ghost,,58.0,50.0,145.0,95.0,105.0,30.0,483.0,5
564,Tirtouga,,Water,Rock,54.0,78.0,103.0,53.0,45.0,22.0,355.0,5
565,Carracosta,,Water,Rock,74.0,108.0,133.0,83.0,65.0,32.0,495.0,5
566,Archen,,Rock,Flying,55.0,112.0,45.0,74.0,45.0,70.0,401.0,5
567,Archeops,,Rock,Flying,75.0,140.0,65.0,112.0,65.0,110.0,567.0,5
568,Trubbish,,Poison,,50.0,50.0,62.0,40.0,62.0,65.0,329.0,5
569,Garbodor,,Poison,,80.0,95.0,82.0,60.0,82.0,75.0,474.0,5
570,Zorua,,Dark,,40.0,65.0,40.0,80.0,40.0,65.0,330.0,5
571,Zoroark,,Dark,,60.0,105.0,60.0,120.0,60.0,105.0,510.0,5
572,Minccino,,Normal,,55.0,50.0,40.0,40.0,40.0,75.0,300.0,5
573,Cinccino,,Normal,,75.0,95.0,60.0,65.0,60.0,115.0,470.0,5
574,Gothita,,Psychic,,45.0,30.0,50.0,55.0,65.0,45.0,290.0,5
575,Gothorita,,Psychic,,60.0,45.0,70.0,75.0,85.0,55.0,390.0,5
576,Gothitelle,,Psychic,,70.0,55.0,95.0,95.0,110.0,65.0,490.0,5
577,Solosis,,Psychic,,45.0,30.0,40.0,105.0,50.0,20.0,290.0,5
578,Duosion,,Psychic,,65.0,40.0,50.0,125.0,60.0,30.0,370.0,5
579,Reuniclus,,Psychic,,110.0,65.0,75.0,125.0,85.0,30.0,490.0,5
580,Ducklett,,Water,Flying,62.0,44.0,50.0,44.0,50.0,55.0,305.0,5
581,Swanna,,Water,Flying,75.0,87.0,63.0,87.0,63.0,98.0,473.0,5
582,Vanillite,,Ice,,36.0,50.0,50.0,65.0,60.0,44.0,305.0,5
583,Vanillish,,Ice,,51.0,65.0,65.0,80.0,75.0,59.0,395.0,5
584,Vanilluxe,,Ice,,71.0,95.0,85.0,110.0,95.0,79.0,535.0,5
585,Deerling,,Normal,Grass,60.0,60.0,50.0,40.0,50.0,75.0,335.0,5
586,Sawsbuck,,Normal,Grass,80.0,100.0,70.0,60.0,70.0,95.0,475.0,5
587,Emolga,,Electric,Flying,55.0,75.0,60.0,75.0,60.0,103.0,428.0,5
588,Karrablast,,Bug,,50.0,75.0,45.0,40.0,45.0,60.0,315.0,5
589,Escavalier,,Bug,Steel,70.0,135.0,105.0,60.0,105.0,20.0,495.0,5
590,Foongus,,Grass,Poison,69.0,55.0,45.0,55.0,55.0,15.0,294.0,5
591,Amoonguss,,Grass,Poison,114.0,85.0,70.0,85.0,80.0,30.0,464.0,5
592,Frillish,,Water,Ghost,55.0,40.0,50.0,65.0,85.0,40.0,335.0,5
593,Jellicent,,Water,Ghost,100.0,60.0,70.0,85.0,105.0,60.0,480.0,5
594,Alomomola,,Water,,165.0,75.0,80.0,40.0,45.0,65.0,470.0,5
595,Joltik,,Bug,Electric,50.0,47.0,50.0,57.0,50.0,65.0,319.0,5
596,Galvantula,,Bug,Electric,70.0,77.0,60.0,97.0,60.0,108.0,472.0,5
597,Ferroseed,,Grass,Steel,44.0,50.0,91.0,24.0,86.0,10.0,305.0,5
598,Ferrothorn,,Grass,Steel,74.0,94.0,131.0,54.0,116.0,20.0,489.0,5
599,Klink,,Steel,,40.0,55.0,70.0,45.0,60.0,30.0,300.0,5
600,Klang,,Steel,,60.0,80.0,95.0,70.0,85.0,50.0,440.0,5
601,Klinklang,,Steel,,60.0,100.0,115.0,70.0,85.0,90.0,520.0,5
602,Tynamo,,Electric,,35.0,55.0,40.0,45.0,40.0,60.0,275.0,5
603,Eelektrik,,Electric,,65.0,85.0,70.0,75.0,70.0,40.0,405.0,5
604,Eelektross,,Electric,,85.0,115.0,80.0,105.0,80.0,50.0,515.0,5
605,Elgyem,,Psychic,,55.0,55.0,55.0,85.0,55.0,30.0,335.0,5
606,Beheeyem,,Psychic,,75.0,75.0,75.0,125.0,95.0,40.0,485.0,5
607,Litwick,,Ghost,Fire,50.0,30.0,55.0,65.0,55.0,20.0,275.0,5
608,Lampent,,Ghost,Fire,60.0,40.0,60.0,95.0,60.0,55.0,370.0,5
609,Chandelure,,Ghost,Fire,60.0,55.0,90.0,145.0,90.0,80.0,520.0,5
610,Axew,,Dragon,,46.0,87.0,60.0,30.0,40.0,57.0,320.0,5
611,Fraxure,,Dragon,,66.0,117.0,70.0,40.0,50.0,67.0,410.0,5
612,Haxorus,,Dragon,,76.0,147.0,90.0,60.0,70.0,97.0,540.0,5
613,Cubchoo,,Ice,,55.0,70.0,40.0,60.0,40.0,40.0,305.0,5
614,Beartic,,Ice,,95.0,130.0,80.0,70.0,80.0,50.0,505.0,5
615,Cryogonal,,Ice,,80.0,50.0,50.0,95.0,135.0,105.0,515.0,5
616,Shelmet,,Bug,,50.0,40.0,85.0,40.0,65.0,25.0,305.0,5
617,Accelgor,,Bug,,80.0,70.0,40.0,100.0,60.0,145.0,495.0,5
618,Stunfisk,,Ground,Electric,109.0,66.0,84.0,81.0,99.0,32.0,471.0,5
618,Stunfisk,Galarian Stunfisk,Ground,Steel,109.0,81.0,99.0,66.0,84.0,32.0,471.0,5
619,Mienfoo,,Fighting,,45.0,85.0,50.0,55.0,50.0,65.0,350.0,5
620,Mienshao,,Fighting,,65.0,125.0,60.0,95.0,60.0,105.0,510.0,5
621,Druddigon,,Dragon,,77.0,120.0,90.0,60.0,90.0,48.0,485.0,5
622,Golett,,Ground,Ghost,59.0,74.0,50.0,35.0,50.0,35.0,303.0,5
623,Golurk,,Ground,Ghost,89.0,124.0,80.0,55.0,80.0,55.0,483.0,5
624,Pawniard,,Dark,Steel,45.0,85.0,70.0,40.0,40.0,60.0,340.0,5
625,Bisharp,,Dark,Steel,65.0,125.0,100.0,60.0,70.0,70.0,490.0,5
626,Bouffalant,,Normal,,95.0,110.0,95.0,40.0,95.0,55.0,490.0,5
627,Rufflet,,Normal,Flying,70.0,83.0,50.0,37.0,50.0,60.0,350.0,5
628,Braviary,,Normal,Flying,100.0,123.0,75.0,57.0,75.0,80.0,510.0,5
629,Vullaby,,Dark,Flying,70.0,55.0,75.0,45.0,65.0,60.0,370.0,5
630,Mandibuzz,,Dark,Flying,110.0,65.0,105.0,55.0,95.0,80.0,510.0,5
631,Heatmor,,Fire,,85.0,97.0,66.0,105.0,66.0,65.0,484.0,5
632,Durant,,Bug,Steel,58.0,109.0,112.0,48.0,48.0,109.0,484.0,5
633,Deino,,Dark,Dragon,52.0,65.0,50.0,45.0,50.0,38.0,300.0,5
634,Zweilous,,Dark,Dragon,72.0,85.0,70.0,65.0,70.0,58.0,420.0,5
635,Hydreigon,,Dark,Dragon,92.0,105.0,90.0,125.0,90.0,98.0,600.0,5
636,Larvesta,,Bug,Fire,55.0,85.0,55.0,50.0,55.0,60.0,360.0,5
637,Volcarona,,Bug,Fire,85.0,60.0,65.0,135.0,105.0,100.0,550.0,5
638,Cobalion,,Steel,Fighting,91.0,90.0,129.0,90.0,72.0,108.0,580.0,5
639,Terrakion,,Rock,Fighting,91.0,129.0,90.0,72.0,90.0,108.0,580.0,5
640,Virizion,,Grass,Fighting,91.0,90.0,72.0,90.0,129.0,108.0,580.0,5
641,Tornadus,Incarnate Forme,Flying,,79.0,115.0,70.0,125.0,80.0,111.0,580.0,5
641,Tornadus,Therian Forme,Flying,,79.0,100.0,80.0,110.0,90.0,121.0,580.0,5
642,Thundurus,Incarnate Forme,Electric,Flying,79.0,115.0,70.0,125.0,80.0,111.0,580.0,5
642,Thundurus,Therian Forme,Electric,Flying,79.0,105.0,70.0,145.0,80.0,101.0,580.0,5
643,Reshiram,,Dragon,Fire,100.0,120.0,100.0,150.0,120.0,90.0,680.0,5
644,Zekrom,,Dragon,Electric,100.0,150.0,120.0,120.0,100.0,90.0,680.0,5
645,Landorus,Incarnate Forme,Ground,Flying,89.0,125.0,90.0,115.0,80.0,101.0,600.0,5
645,Landorus,Therian Forme,Ground,Flying,89.0,145.0,90.0,105.0,80.0,91.0,600.0,5
646,Kyurem,,Dragon,Ice,125.0,130.0,90.0,130.0,90.0,95.0,660.0,5
646,Kyurem,Black Kyurem,Dragon,Ice,125.0,170.0,100.0,120.0,90.0,95.0,700.0,5
646,Kyurem,White Kyurem,Dragon,Ice,125.0,120.0,90.0,170.0,100.0,95.0,700.0,5
647,Keldeo,Ordinary Form,Water,Fighting,91.0,72.0,90.0,129.0,90.0,108.0,580.0,5
647,Keldeo,Resolute Form,Water,Fighting,91.0,72.0,90.0,129.0,90.0,108.0,580.0,5
648,Meloetta,Aria Forme,Normal,Psychic,100.0,77.0,77.0,128.0,128.0,90.0,600.0,5
648,Meloetta,Pirouette Forme,Normal,Fighting,100.0,128.0,90.0,77.0,77.0,128.0,600.0,5
649,Genesect,,Bug,Steel,71.0,120.0,95.0,120.0,95.0,99.0,600.0,5
650,Chespin,,Grass,,56.0,61.0,65.0,48.0,45.0,38.0,313.0,6
651,Quilladin,,Grass,,61.0,78.0,95.0,56.0,58.0,57.0,405.0,6
652,Chesnaught,,Grass,Fighting,88.0,107.0,122.0,74.0,75.0,64.0,530.0,6
653,Fennekin,,Fire,,40.0,45.0,40.0,62.0,60.0,60.0,307.0,6
654,Braixen,,Fire,,59.0,59.0,58.0,90.0,70.0,73.0,409.0,6
655,Delphox,,Fire,Psychic,75.0,69.0,72.0,114.0,100.0,104.0,534.0,6
656,Froakie,,Water,,41.0,56.0,40.0,62.0,44.0,71.0,314.0,6
657,Frogadier,,Water,,54.0,63.0,52.0,83.0,56.0,97.0,405.0,6
658,Greninja,,Water,Dark,72.0,95.0,67.0,103.0,71.0,122.0,530.0,6
658,Greninja,Ash-Greninja,Water,Dark,72.0,145.0,67.0,153.0,71.0,132.0,640.0,6
659,Bunnelby,,Normal,,38.0,36.0,38.0,32.0,36.0,57.0,237.0,6
660,Diggersby,,Normal,Ground,85.0,56.0,77.0,50.0,77.0,78.0,423.0,6
661,Fletchling,,Normal,Flying,45.0,50.0,43.0,40.0,38.0,62.0,278.0,6
662,Fletchinder,,Fire,Flying,62.0,73.0,55.0,56.0,52.0,84.0,382.0,6
663,Talonflame,,Fire,Flying,78.0,81.0,71.0,74.0,69.0,126.0,499.0,6
664,Scatterbug,,Bug,,38.0,35.0,40.0,27.0,25.0,35.0,200.0,6
665,Spewpa,,Bug,,45.0,22.0,60.0,27.0,30.0,29.0,213.0,6
666,Vivillon,,Bug,Flying,80.0,52.0,50.0,90.0,50.0,89.0,411.0,6
667,Litleo,,Fire,Normal,62.0,50.0,58.0,73.0,54.0,72.0,369.0,6
668,Pyroar,,Fire,Normal,86.0,68.0,72.0,109.0,66.0,106.0,507.0,6
669,Flabébé,,Fairy,,44.0,38.0,39.0,61.0,79.0,42.0,303.0,6
670,Floette,,Fairy,,54.0,45.0,47.0,75.0,98.0,52.0,371.0,6
671,Florges,,Fairy,,78.0,65.0,68.0,112.0,154.0,75.0,552.0,6
672,Skiddo,,Grass,,66.0,65.0,48.0,62.0,57.0,52.0,350.0,6
673,Gogoat,,Grass,,123.0,100.0,62.0,97.0,81.0,68.0,531.0,6
674,Pancham,,Fighting,,67.0,82.0,62.0,46.0,48.0,43.0,348.0,6
675,Pangoro,,Fighting,Dark,95.0,124.0,78.0,69.0,71.0,58.0,495.0,6
676,Furfrou,,Normal,,75.0,80.0,60.0,65.0,90.0,102.0,472.0,6
677,Espurr,,Psychic,,62.0,48.0,54.0,63.0,60.0,68.0,355.0,6
678,Meowstic,Male,Psychic,,74.0,48.0,76.0,83.0,81.0,104.0,466.0,6
678,Meowstic,Female,Psychic,,74.0,48.0,76.0,83.0,81.0,104.0,466.0,6
679,Honedge,,Steel,Ghost,45.0,80.0,100.0,35.0,37.0,28.0,325.0,6
680,Doublade,,Steel,Ghost,59.0,110.0,150.0,45.0,49.0,35.0,448.0,6
681,Aegislash,Shield Forme,Steel,Ghost,60.0,50.0,140.0,50.0,140.0,60.0,500.0,6
681,Aegislash,Blade Forme,Steel,Ghost,60.0,140.0,50.0,140.0,50.0,60.0,500.0,6
682,Spritzee,,Fairy,,78.0,52.0,60.0,63.0,65.0,23.0,341.0,6
683,Aromatisse,,Fairy,,101.0,72.0,72.0,99.0,89.0,29.0,462.0,6
684,Swirlix,,Fairy,,62.0,48.0,66.0,59.0,57.0,49.0,341.0,6
685,Slurpuff,,Fairy,,82.0,80.0,86.0,85.0,75.0,72.0,480.0,6
686,Inkay,,Dark,Psychic,53.0,54.0,53.0,37.0,46.0,45.0,288.0,6
687,Malamar,,Dark,Psychic,86.0,92.0,88.0,68.0,75.0,73.0,482.0,6
688,Binacle,,Rock,Water,42.0,52.0,67.0,39.0,56.0,50.0,306.0,6
689,Barbaracle,,Rock,Water,72.0,105.0,115.0,54.0,86.0,68.0,500.0,6
690,Skrelp,,Poison,Water,50.0,60.0,60.0,60.0,60.0,30.0,320.0,6
691,Dragalge,,Poison,Dragon,65.0,75.0,90.0,97.0,123.0,44.0,494.0,6
692,Clauncher,,Water,,50.0,53.0,62.0,58.0,63.0,44.0,330.0,6
693,Clawitzer,,Water,,71.0,73.0,88.0,120.0,89.0,59.0,500.0,6
694,Helioptile,,Electric,Normal,44.0,38.0,33.0,61.0,43.0,70.0,289.0,6
695,Heliolisk,,Electric,Normal,62.0,55.0,52.0,109.0,94.0,109.0,481.0,6
696,Tyrunt,,Rock,Dragon,58.0,89.0,77.0,45.0,45.0,48.0,362.0,6
697,Tyrantrum,,Rock,Dragon,82.0,121.0,119.0,69.0,59.0,71.0,521.0,6
698,Amaura,,Rock,Ice,77.0,59.0,50.0,67.0,63.0,46.0,362.0,6
699,Aurorus,,Rock,Ice,123.0,77.0,72.0,99.0,92.0,58.0,521.0,6
700,Sylveon,,Fairy,,95.0,65.0,65.0,110.0,130.0,60.0,525.0,6
701,Hawlucha,,Fighting,Flying,78.0,92.0,75.0,74.0,63.0,118.0,500.0,6
702,Dedenne,,Electric,Fairy,67.0,58.0,57.0,81.0,67.0,101.0,431.0,6
703,Carbink,,Rock,Fairy,50.0,50.0,150.0,50.0,150.0,50.0,500.0,6
704,Goomy,,Dragon,,45.0,50.0,35.0,55.0,75.0,40.0,300.0,6
705,Sliggoo,,Dragon,,68.0,75.0,53.0,83.0,113.0,60.0,452.0,6
706,Goodra,,Dragon,,90.0,100.0,70.0,110.0,150.0,80.0,600.0,6
707,Klefki,,Steel,Fairy,57.0,80.0,91.0,80.0,87.0,75.0,470.0,6
708,Phantump,,Ghost,Grass,43.0,70.0,48.0,50.0,60.0,38.0,309.0,6
709,Trevenant,,Ghost,Grass,85.0,110.0,76.0,65.0,82.0,56.0,474.0,6
710,Pumpkaboo,Average Size,Ghost,Grass,49.0,66.0,70.0,44.0,55.0,51.0,335.0,6
710,Pumpkaboo,Small Size,Ghost,Grass,44.0,66.0,70.0,44.0,55.0,56.0,335.0,6
710,Pumpkaboo,Large Size,Ghost,Grass,54.0,66.0,70.0,44.0,55.0,46.0,335.0,6
710,Pumpkaboo,Super Size,Ghost,Grass,59.0,66.0,70.0,44.0,55.0,41.0,335.0,6
711,Gourgeist,Average Size,Ghost,Grass,65.0,90.0,122.0,58.0,75.0,84.0,494.0,6
711,Gourgeist,Small Size,Ghost,Grass,55.0,85.0,122.0,58.0,75.0,99.0,494.0,6
711,Gourgeist,Large Size,Ghost,Grass,75.0,95.0,122.0,58.0,75.0,69.0,494.0,6
711,Gourgeist,Super Size,Ghost,Grass,85.0,100.0,122.0,58.0,75.0,54.0,494.0,6
712,Bergmite,,Ice,,55.0,69.0,85.0,32.0,35.0,28.0,304.0,6
713,Avalugg,,Ice,,95.0,117.0,184.0,44.0,46.0,28.0,514.0,6
714,Noibat,,Flying,Dragon,40.0,30.0,35.0,45.0,40.0,55.0,245.0,6
715,Noivern,,Flying,Dragon,85.0,70.0,80.0,97.0,80.0,123.0,535.0,6
716,Xerneas,,Fairy,,126.0,131.0,95.0,131.0,98.0,99.0,680.0,6
717,Yveltal,,Dark,Flying,126.0,131.0,95.0,131.0,98.0,99.0,680.0,6
718,Zygarde,50% Forme,Dragon,Ground,108.0,100.0,121.0,81.0,95.0,95.0,600.0,6
718,Zygarde,10% Forme,Dragon,Ground,54.0,100.0,71.0,61.0,85.0,115.0,486.0,6
718,Zygarde,Complete Forme,Dragon,Ground,216.0,100.0,121.0,91.0,95.0,85.0,708.0,6
719,Diancie,,Rock,Fairy,50.0,100.0,150.0,100.0,150.0,50.0,600.0,6
719,Diancie,Mega Diancie,Rock,Fairy,50.0,160.0,110.0,160.0,110.0,110.0,700.0,6
720,Hoopa,Hoopa Confined,Psychic,Ghost,80.0,110.0,60.0,150.0,130.0,70.0,600.0,6
720,Hoopa,Hoopa Unbound,Psychic,Dark,80.0,160.0,60.0,170.0,130.0,80.0,680.0,6
721,Volcanion,,Fire,Water,80.0,110.0,120.0,130.0,90.0,70.0,600.0,6
722,Rowlet,,Grass,Flying,68.0,55.0,55.0,50.0,50.0,42.0,320.0,7
723,Dartrix,,Grass,Flying,78.0,75.0,75.0,70.0,70.0,52.0,420.0,7
724,Decidueye,,Grass,Ghost,78.0,107.0,75.0,100.0,100.0,70.0,530.0,7
725,Litten,,Fire,,45.0,65.0,40.0,60.0,40.0,70.0,320.0,7
726,Torracat,,Fire,,65.0,85.0,50.0,80.0,50.0,90.0,420.0,7
727,Incineroar,,Fire,Dark,95.0,115.0,90.0,80.0,90.0,60.0,530.0,7
728,Popplio,,Water,,50.0,54.0,54.0,66.0,56.0,40.0,320.0,7
729,Brionne,,Water,,60.0,69.0,69.0,91.0,81.0,50.0,420.0,7
730,Primarina,,Water,Fairy,80.0,74.0,74.0,126.0,116.0,60.0,530.0,7
731,Pikipek,,Normal,Flying,35.0,75.0,30.0,30.0,30.0,65.0,265.0,7
732,Trumbeak,,Normal,Flying,55.0,85.0,50.0,40.0,50.0,75.0,355.0,7
733,Toucannon,,Normal,Flying,80.0,120.0,75.0,75.0,75.0,60.0,485.0,7
734,Yungoos,,Normal,,48.0,70.0,30.0,30.0,30.0,45.0,253.0,7
735,Gumshoos,,Normal,,88.0,110.0,60.0,55.0,60.0,45.0,418.0,7
736,Grubbin,,Bug,,47.0,62.0,45.0,55.0,45.0,46.0,300.0,7
737,Charjabug,,Bug,Electric,57.0,82.0,95.0,55.0,75.0,36.0,400.0,7
738,Vikavolt,,Bug,Electric,77.0,70.0,90.0,145.0,75.0,43.0,500.0,7
739,Crabrawler,,Fighting,,47.0,82.0,57.0,42.0,47.0,63.0,338.0,7
740,Crabominable,,Fighting,Ice,97.0,132.0,77.0,62.0,67.0,43.0,478.0,7
741,Oricorio,Baile Style,Fire,Flying,75.0,70.0,70.0,98.0,70.0,93.0,476.0,7
741,Oricorio,Pom-Pom Style,Electric,Flying,75.0,70.0,70.0,98.0,70.0,93.0,476.0,7
741,Oricorio,Pa'u Style,Psychic,Flying,75.0,70.0,70.0,98.0,70.0,93.0,476.0,7
741,Oricorio,Sensu Style,Ghost,Flying,75.0,70.0,70.0,98.0,70.0,93.0,476.0,7
742,Cutiefly,,Bug,Fairy,40.0,45.0,40.0,55.0,40.0,84.0,304.0,7
743,Ribombee,,Bug,Fairy,60.0,55.0,60.0,95.0,70.0,124.0,464.0,7
744,Rockruff,,Rock,,45.0,65.0,40.0,30.0,40.0,60.0,280.0,7
744,Rockruff,Own Tempo Rockruff,Rock,,45.0,65.0,40.0,30.0,40.0,60.0,280.0,7
745,Lycanroc,Midday Form,Rock,,75.0,115.0,65.0,55.0,65.0,112.0,487.0,7
745,Lycanroc,Midnight Form,Rock,,85.0,115.0,75.0,55.0,75.0,82.0,487.0,7
745,Lycanroc,Dusk Form,Rock,,75.0,117.0,65.0,55.0,65.0,110.0,487.0,7
746,Wishiwashi,Solo Form,Water,,45.0,20.0,20.0,25.0,25.0,40.0,175.0,7
746,Wishiwashi,School Form,Water,,45.0,140.0,130.0,140.0,135.0,30.0,620.0,7
747,Mareanie,,Poison,Water,50.0,53.0,62.0,43.0,52.0,45.0,305.0,7
748,Toxapex,,Poison,Water,50.0,63.0,152.0,53.0,142.0,35.0,495.0,7
749,Mudbray,,Ground,,70.0,100.0,70.0,45.0,55.0,45.0,385.0,7
750,Mudsdale,,Ground,,100.0,125.0,100.0,55.0,85.0,35.0,500.0,7
751,Dewpider,,Water,Bug,38.0,40.0,52.0,40.0,72.0,27.0,269.0,7
752,Araquanid,,Water,Bug,68.0,70.0,92.0,50.0,132.0,42.0,454.0,7
753,Fomantis,,Grass,,40.0,55.0,35.0,50.0,35.0,35.0,250.0,7
754,Lurantis,,Grass,,70.0,105.0,90.0,80.0,90.0,45.0,480.0,7
755,Morelull,,Grass,Fairy,40.0,35.0,55.0,65.0,75.0,15.0,285.0,7
756,Shiinotic,,Grass,Fairy,60.0,45.0,80.0,90.0,100.0,30.0,405.0,7
757,Salandit,,Poison,Fire,48.0,44.0,40.0,71.0,40.0,77.0,320.0,7
758,Salazzle,,Poison,Fire,68.0,64.0,60.0,111.0,60.0,117.0,480.0,7
759,Stufful,,Normal,Fighting,70.0,75.0,50.0,45.0,50.0,50.0,340.0,7
760,Bewear,,Normal,Fighting,120.0,125.0,80.0,55.0,60.0,60.0,500.0,7
761,Bounsweet,,Grass,,42.0,30.0,38.0,30.0,38.0,32.0,210.0,7
762,Steenee,,Grass,,52.0,40.0,48.0,40.0,48.0,62.0,290.0,7
763,Tsareena,,Grass,,72.0,120.0,98.0,50.0,98.0,72.0,510.0,7
764,Comfey,,Fairy,,51.0,52.0,90.0,82.0,110.0,100.0,485.0,7
765,Oranguru,,Normal,Psychic,90.0,60.0,80.0,90.0,110.0,60.0,490.0,7
766,Passimian,,Fighting,,100.0,120.0,90.0,40.0,60.0,80.0,490.0,7
767,Wimpod,,Bug,Water,25.0,35.0,40.0,20.0,30.0,80.0,230.0,7
768,Golisopod,,Bug,Water,75.0,125.0,140.0,60.0,90.0,40.0,530.0,7
769,Sandygast,,Ghost,Ground,55.0,55.0,80.0,70.0,45.0,15.0,320.0,7
770,Palossand,,Ghost,Ground,85.0,75.0,110.0,100.0,75.0,35.0,480.0,7
771,Pyukumuku,,Water,,55.0,60.0,130.0,30.0,130.0,5.0,410.0,7
772,Type: Null,,Normal,,95.0,95.0,95.0,95.0,95.0,59.0,534.0,7
773,Silvally,,Normal,,95.0,95.0,95.0,95.0,95.0,95.0,570.0,7
774,Minior,Meteor Form,Rock,Flying,60.0,60.0,100.0,60.0,100.0,60.0,440.0,7
774,Minior,Core Form,Rock,Flying,60.0,100.0,60.0,100.0,60.0,120.0,500.0,7
775,Komala,,Normal,,65.0,115.0,65.0,75.0,95.0,65.0,480.0,7
776,Turtonator,,Fire,Dragon,60.0,78.0,135.0,91.0,85.0,36.0,485.0,7
777,Togedemaru,,Electric,Steel,65.0,98.0,63.0,40.0,73.0,96.0,435.0,7
778,Mimikyu,,Ghost,Fairy,55.0,90.0,80.0,50.0,105.0,96.0,476.0,7
779,Bruxish,,Water,Psychic,68.0,105.0,70.0,70.0,70.0,92.0,475.0,7
780,Drampa,,Normal,Dragon,78.0,60.0,85.0,135.0,91.0,36.0,485.0,7
781,Dhelmise,,Ghost,Grass,70.0,131.0,100.0,86.0,90.0,40.0,517.0,7
782,Jangmo-o,,Dragon,,45.0,55.0,65.0,45.0,45.0,45.0,300.0,7
783,Hakamo-o,,Dragon,Fighting,55.0,75.0,90.0,65.0,70.0,65.0,420.0,7
784,Kommo-o,,Dragon,Fighting,75.0,110.0,125.0,100.0,105.0,85.0,600.0,7
785,Tapu Koko,,Electric,Fairy,70.0,115.0,85.0,95.0,75.0,130.0,570.0,7
786,Tapu Lele,,Psychic,Fairy,70.0,85.0,75.0,130.0,115.0,95.0,570.0,7
787,Tapu Bulu,,Grass,Fairy,70.0,130.0,115.0,85.0,95.0,75.0,570.0,7
788,Tapu Fini,,Water,Fairy,70.0,75.0,115.0,95.0,130.0,85.0,570.0,7
789,Cosmog,,Psychic,,43.0,29.0,31.0,29.0,31.0,37.0,200.0,7
790,Cosmoem,,Psychic,,43.0,29.0,131.0,29.0,131.0,37.0,400.0,7
791,Solgaleo,,Psychic,Steel,137.0,137.0,107.0,113.0,89.0,97.0,680.0,7
792,Lunala,,Psychic,Ghost,137.0,113.0,89.0,137.0,107.0,97.0,680.0,7
793,Nihilego,,Rock,Poison,109.0,53.0,47.0,127.0,131.0,103.0,570.0,7
794,Buzzwole,,Bug,Fighting,107.0,139.0,139.0,53.0,53.0,79.0,570.0,7
795,Pheromosa,,Bug,Fighting,71.0,137.0,37.0,137.0,37.0,151.0,570.0,7
796,Xurkitree,,Electric,,83.0,89.0,71.0,173.0,71.0,83.0,570.0,7
797,Celesteela,,Steel,Flying,97.0,101.0,103.0,107.0,101.0,61.0,570.0,7
798,Kartana,,Grass,Steel,59.0,181.0,131.0,59.0,31.0,109.0,570.0,7
799,Guzzlord,,Dark,Dragon,223.0,101.0,53.0,97.0,53.0,43.0,570.0,7
800,Necrozma,,Psychic,,97.0,107.0,101.0,127.0,89.0,79.0,600.0,7
800,Necrozma,Dusk Mane Necrozma,Psychic,Steel,97.0,157.0,127.0,113.0,109.0,77.0,680.0,7
800,Necrozma,Dawn Wings Necrozma,Psychic,Ghost,97.0,113.0,109.0,157.0,127.0,77.0,680.0,7
800,Necrozma,Ultra Necrozma,Psychic,Dragon,97.0,167.0,97.0,167.0,97.0,129.0,754.0,7
801,Magearna,,Steel,Fairy,80.0,95.0,115.0,130.0,115.0,65.0,600.0,7
802,Marshadow,,Fighting,Ghost,90.0,125.0,80.0,90.0,90.0,125.0,600.0,7
803,Poipole,,Poison,,67.0,73.0,67.0,73.0,67.0,73.0,420.0,7
804,Naganadel,,Poison,Dragon,73.0,73.0,73.0,127.0,73.0,121.0,540.0,7
805,Stakataka,,Rock,Steel,61.0,131.0,211.0,53.0,101.0,13.0,570.0,7
806,Blacephalon,,Fire,Ghost,53.0,127.0,53.0,151.0,79.0,107.0,570.0,7
807,Zeraora,,Electric,,88.0,112.0,75.0,102.0,80.0,143.0,600.0,7
808,Meltan,,Steel,,46.0,65.0,65.0,55.0,35.0,34.0,300.0,7
809,Melmetal,,Steel,,135.0,143.0,143.0,80.0,65.0,34.0,600.0,7
810,Grookey,,Grass,,50.0,65.0,50.0,40.0,40.0,65.0,310.0,8
811,Thwackey,,Grass,,70.0,85.0,70.0,55.0,60.0,80.0,420.0,8
812,Rillaboom,,Grass,,100.0,125.0,90.0,60.0,70.0,85.0,530.0,8
813,Scorbunny,,Fire,,50.0,71.0,40.0,40.0,40.0,69.0,310.0,8
814,Raboot,,Fire,,65.0,86.0,60.0,55.0,60.0,94.0,420.0,8
815,Cinderace,,Fire,,80.0,116.0,75.0,65.0,75.0,119.0,530.0,8
816,Sobble,,Water,,50.0,40.0,40.0,70.0,40.0,70.0,310.0,8
817,Drizzile,,Water,,65.0,60.0,55.0,95.0,55.0,90.0,420.0,8
818,Inteleon,,Water,,70.0,85.0,65.0,125.0,65.0,120.0,530.0,8
819,Skwovet,,Normal,,70.0,55.0,55.0,35.0,35.0,25.0,275.0,8
820,Greedent,,Normal,,120.0,95.0,95.0,55.0,75.0,20.0,460.0,8
821,Rookidee,,Flying,,38.0,47.0,35.0,33.0,35.0,57.0,245.0,8
822,Corvisquire,,Flying,,68.0,67.0,55.0,43.0,55.0,77.0,365.0,8
823,Corviknight,,Flying,Steel,98.0,87.0,105.0,53.0,85.0,67.0,495.0,8
824,Blipbug,,Bug,,25.0,20.0,20.0,25.0,45.0,45.0,180.0,8
825,Dottler,,Bug,Psychic,50.0,35.0,80.0,50.0,90.0,30.0,335.0,8
826,Orbeetle,,Bug,Psychic,60.0,45.0,110.0,80.0,120.0,90.0,505.0,8
827,Nickit,,Dark,,40.0,28.0,28.0,47.0,52.0,50.0,245.0,8
828,Thievul,,Dark,,70.0,58.0,58.0,87.0,92.0,90.0,455.0,8
829,Gossifleur,,Grass,,40.0,40.0,60.0,40.0,60.0,10.0,250.0,8
830,Eldegoss,,Grass,,60.0,50.0,90.0,80.0,120.0,60.0,460.0,8
831,Wooloo,,Normal,,42.0,40.0,55.0,40.0,45.0,48.0,270.0,8
832,Dubwool,,Normal,,72.0,80.0,100.0,60.0,90.0,88.0,490.0,8
833,Chewtle,,Water,,50.0,64.0,50.0,38.0,38.0,44.0,284.0,8
834,Drednaw,,Water,Rock,90.0,115.0,90.0,48.0,68.0,74.0,485.0,8
835,Yamper,,Electric,,59.0,45.0,50.0,40.0,50.0,26.0,270.0,8
836,Boltund,,Electric,,69.0,90.0,60.0,90.0,60.0,121.0,490.0,8
837,Rolycoly,,Rock,,30.0,40.0,50.0,40.0,50.0,30.0,240.0,8
838,Carkol,,Rock,Fire,80.0,60.0,90.0,60.0,70.0,50.0,410.0,8
839,Coalossal,,Rock,Fire,110.0,80.0,120.0,80.0,90.0,30.0,510.0,8
840,Applin,,Grass,Dragon,40.0,40.0,80.0,40.0,40.0,20.0,260.0,8
841,Flapple,,Grass,Dragon,70.0,110.0,80.0,95.0,60.0,70.0,485.0,8
842,Appletun,,Grass,Dragon,110.0,85.0,80.0,100.0,80.0,30.0,485.0,8
843,Silicobra,,Ground,,52.0,57.0,75.0,35.0,50.0,46.0,315.0,8
844,Sandaconda,,Ground,,72.0,107.0,125.0,65.0,70.0,71.0,510.0,8
845,Cramorant,,Flying,Water,70.0,85.0,55.0,85.0,95.0,85.0,475.0,8
846,Arrokuda,,Water,,41.0,63.0,40.0,40.0,30.0,66.0,280.0,8
847,Barraskewda,,Water,,61.0,123.0,60.0,60.0,50.0,136.0,490.0,8
848,Toxel,,Electric,Poison,40.0,38.0,35.0,54.0,35.0,40.0,242.0,8
849,Toxtricity,Low Key Form,Electric,Poison,75.0,98.0,70.0,114.0,70.0,75.0,502.0,8
849,Toxtricity,Amped Form,Electric,Poison,75.0,98.0,70.0,114.0,70.0,75.0,502.0,8
850,Sizzlipede,,Fire,Bug,50.0,65.0,45.0,50.0,50.0,45.0,305.0,8
851,Centiskorch,,Fire,Bug,100.0,115.0,65.0,90.0,90.0,65.0,525.0,8
852,Clobbopus,,Fighting,,50.0,68.0,60.0,50.0,50.0,32.0,310.0,8
853,Grapploct,,Fighting,,80.0,118.0,90.0,70.0,80.0,42.0,480.0,8
854,Sinistea,,Ghost,,40.0,45.0,45.0,74.0,54.0,50.0,308.0,8
855,Polteageist,,Ghost,,60.0,65.0,65.0,134.0,114.0,70.0,508.0,8
856,Hatenna,,Psychic,,42.0,30.0,45.0,56.0,53.0,39.0,265.0,8
857,Hattrem,,Psychic,,57.0,40.0,65.0,86.0,73.0,49.0,370.0,8
858,Hatterene,,Psychic,Fairy,57.0,90.0,95.0,136.0,103.0,29.0,510.0,8
859,Impidimp,,Dark,Fairy,45.0,45.0,30.0,55.0,40.0,50.0,265.0,8
860,Morgrem,,Dark,Fairy,65.0,60.0,45.0,75.0,55.0,70.0,370.0,8
861,Grimmsnarl,,Dark,Fairy,95.0,120.0,65.0,95.0,75.0,60.0,510.0,8
862,Obstagoon,,Dark,Normal,93.0,90.0,101.0,60.0,81.0,95.0,520.0,8
863,Perrserker,,Steel,,70.0,110.0,100.0,50.0,60.0,50.0,440.0,8
864,Cursola,,Ghost,,60.0,95.0,50.0,145.0,130.0,30.0,510.0,8
865,Sirfetch'd,,Fighting,,62.0,135.0,95.0,68.0,82.0,65.0,507.0,8
866,Mr. Rime,,Ice,Psychic,80.0,85.0,75.0,110.0,100.0,70.0,520.0,8
867,Runerigus,,Ground,Ghost,58.0,95.0,145.0,50.0,105.0,30.0,483.0,8
868,Milcery,,Fairy,,45.0,40.0,40.0,50.0,61.0,34.0,270.0,8
869,Alcremie,,Fairy,,65.0,60.0,75.0,110.0,121.0,64.0,495.0,8
870,Falinks,,Fighting,,65.0,100.0,100.0,70.0,60.0,75.0,470.0,8
871,Pincurchin,,Electric,,48.0,101.0,95.0,91.0,85.0,15.0,435.0,8
872,Snom,,Ice,Bug,30.0,25.0,35.0,45.0,30.0,20.0,185.0,8
873,Frosmoth,,Ice,Bug,70.0,65.0,60.0,125.0,90.0,65.0,475.0,8
874,Stonjourner,,Rock,,100.0,125.0,135.0,20.0,20.0,70.0,470.0,8
875,Eiscue,Ice Face,Ice,,75.0,80.0,110.0,65.0,90.0,50.0,470.0,8
875,Eiscue,Noice Face,Ice,,75.0,80.0,70.0,65.0,50.0,130.0,470.0,8
876,Indeedee,Male,Psychic,Normal,60.0,65.0,55.0,105.0,95.0,95.0,475.0,8
876,Indeedee,Female,Psychic,Normal,70.0,55.0,65.0,95.0,105.0,85.0,475.0,8
877,Morpeko,Full Belly Mode,Electric,Dark,58.0,95.0,58.0,70.0,58.0,97.0,436.0,8
877,Morpeko,Hangry Mode,Electric,Dark,58.0,95.0,58.0,70.0,58.0,97.0,436.0,8
878,Cufant,,Steel,,72.0,80.0,49.0,40.0,49.0,40.0,330.0,8
879,Copperajah,,Steel,,122.0,130.0,69.0,80.0,69.0,30.0,500.0,8
880,Dracozolt,,Electric,Dragon,90.0,100.0,90.0,80.0,70.0,75.0,505.0,8
881,Arctozolt,,Electric,Ice,90.0,100.0,90.0,90.0,80.0,55.0,505.0,8
882,Dracovish,,Water,Dragon,90.0,90.0,100.0,70.0,80.0,75.0,505.0,8
883,Arctovish,,Water,Ice,90.0,90.0,100.0,80.0,90.0,55.0,505.0,8
884,Duraludon,,Steel,Dragon,70.0,95.0,115.0,120.0,50.0,85.0,535.0,8
885,Dreepy,,Dragon,Ghost,28.0,60.0,30.0,40.0,30.0,82.0,270.0,8
886,Drakloak,,Dragon,Ghost,68.0,80.0,50.0,60.0,50.0,102.0,410.0,8
887,Dragapult,,Dragon,Ghost,88.0,120.0,75.0,100.0,75.0,142.0,600.0,8
888,Zacian,Crowned Sword,Fairy,Steel,92.0,170.0,115.0,80.0,115.0,148.0,720.0,8
888,Zacian,Hero of Many Battles,Fairy,,92.0,130.0,115.0,80.0,115.0,138.0,670.0,8
889,Zamazenta,Crowned Shield,Fighting,Steel,92.0,130.0,145.0,80.0,145.0,128.0,720.0,8
889,Zamazenta,Hero of Many Battles,Fighting,,92.0,130.0,115.0,80.0,115.0,138.0,670.0,8
890,Eternatus,,Poison,Dragon,140.0,85.0,95.0,145.0,95.0,130.0,690.0,8
890,Eternatus,Eternamax,Poison,Dragon,255.0,115.0,250.0,125.0,250.0,130.0,1125.0,8
891,Kubfu,,Fighting,,60.0,90.0,60.0,53.0,50.0,72.0,385.0,8
892,Urshifu,Single Strike Style,Fighting,Dark,100.0,130.0,100.0,63.0,60.0,97.0,550.0,8
892,Urshifu,Rapid Strike Style,Fighting,Water,100.0,130.0,100.0,63.0,60.0,97.0,550.0,8
893,Zarude,,Dark,Grass,105.0,120.0,105.0,70.0,95.0,105.0,600.0,8
894,Regieleki,,Electric,,80.0,100.0,50.0,100.0,50.0,200.0,580.0,8
895,Regidrago,,Dragon,,200.0,100.0,50.0,100.0,50.0,80.0,580.0,8
896,Glastrier,,Ice,,100.0,145.0,130.0,65.0,110.0,30.0,580.0,8
897,Spectrier,,Ghost,,100.0,65.0,60.0,145.0,80.0,130.0,580.0,8
898,Calyrex,,Psychic,Grass,100.0,80.0,80.0,80.0,80.0,80.0,500.0,8
898,Calyrex,Ice Rider,Psychic,Ice,100.0,165.0,150.0,85.0,130.0,50.0,680.0,8
898,Calyrex,Shadow Rider,Psychic,Ghost,100.0,85.0,80.0,165.0,100.0,150.0,680.0,8
